"","X.1","X","ccode","ccname","idacr","leader","id","numentry","numexit","numexitcode","DICT","starttime","shocktime","tenure","political.affiliation","eventtime","event","ugovt","rtpast","DICT3","shock","polaffi2","Z"
"1",1,1,339,"Albania","ALB","Berisha",1,0,1,0,2,3,6,6,"fullhouse",3,0,"fullhouse",NA,"democracy",0,"ins_all",1
"2",2,2,339,"Albania","ALB","Fatos Nano",2,0,1,0,0,0,2,2,"fullhouse",2,0,"fullhouse",NA,"democracy",0,"ins_all",1
"3",3,3,339,"Albania","ALB","Majko",3,0,1,0,0,0,2,2,"fullhouse",2,0,"fullhouse",NA,"democracy",0,"ins_all",1
"4",4,4,339,"Albania","ALB","Meta",4,0,1,0,0,0,4,4,"fullhouse",4,1,"fullhouse",NA,"democracy",0,"ins_all",1
"5",5,5,339,"Albania","ALB","Fatos Nano",6,0,1,0,0,0,4,4,"fullhouse",4,0,"fullhouse",NA,"democracy",0,"ins_all",1
"6",6,6,339,"Albania","ALB","Berisha",7,0,1,0,0,0,9,9,"fullhouse",5,1,"fullhouse",NA,"democracy",0,"ins_all",1
"7",7,7,339,"Albania","ALB","Rama",8,0,-888,-888,0,0,3,3,"fullhouse",3,0,"fullhouse",NA,"democracy",0,"ins_t_s",1
"8",8,207,615,"Algeria","ALG","Zeroual",9,0,1,0,1,1,1,6,"regime",3,1,NA,1,"dictatorship",0,"s_t_i",1
"9",9,8,160,"Argentina","ARG","Menem",11,0,1,0,0,7,12,12,"reelected",4,0,"reelected",NA,"democracy",0,"ins_all",1
"10",10,9,160,"Argentina","ARG","de la Rua",12,0,1,0,0,0,3,3,"Dopposition",3,0,"Dopposition",NA,"democracy",0,"ins_all",1
"11",11,10,160,"Argentina","ARG","Adolfo Rodriguez Saa",14,0,1,0,0,0,2,2,"Dopposition",2,0,"Dopposition",NA,"democracy",0,"ins_all",1
"12",12,11,160,"Argentina","ARG","Eduardo Duhalde",15,0,1,0,0,0,2,2,"Notfullhouse",2,0,"Notfullhouse",NA,"democracy",0,"ins_all",1
"13",13,12,160,"Argentina","ARG","Nestor Kirchner",16,0,1,0,0,0,5,5,"Notfullhouse",2,1,"Notfullhouse",NA,"democracy",0,"ins_t_s",1
"14",14,13,160,"Argentina","ARG","Fernandez de Kirchner",17,0,1,0,0,0,9,9,"fullhouse",2,0,"fullhouse",NA,"democracy",0,"s_all",0
"16",16,208,692,"Bahrain","BAH","Isa Ibn Al-Khalifah",19,0,2,0,1,24,29,29,"independent",29,0,NA,0,"dictatorship",0,"i_t_s",0
"17",17,209,370,"Belarus","BLR","Lukashenko",21,0,-888,-888,3,1,5,22,"regime",22,0,NA,1,"dictatorship",1,"shock_t",1
"18",18,15,145,"Bolivia","BOL","Gonzalo Sanchez de Lozada",22,0,1,0,0,2,5,5,"Notfullhouse",4,1,"Notfullhouse",NA,"democracy",1,"ins_all",1
"19",19,16,145,"Bolivia","BOL","Banzer Suarez",23,0,2.099999905,0,0,0,5,5,"Notfullhouse",5,0,"Notfullhouse",NA,"democracy",0,"ins_t_s",1
"20",20,17,145,"Bolivia","BOL","Jorge Quiroga Ramirez",24,0,1,0,0,0,2,2,"Notfullhouse",2,0,"Notfullhouse",NA,"democracy",0,"s_all",0
"21",21,18,145,"Bolivia","BOL","Gonzalo Sanchez de Lozada",25,0,1,0,0,0,2,2,"Notfullhouse",2,1,"Notfullhouse",NA,"democracy",1,"s_all",0
"22",22,19,145,"Bolivia","BOL","Carlos Mesa",26,0,1,0,0,0,3,3,"Notfullhouse",2,1,"Notfullhouse",NA,"democracy",1,"shockt",1
"23",23,20,145,"Bolivia","BOL","Enrique Rodriguez",27,0,1,0,0,2,2,2,"Notfullhouse",2,0,"Notfullhouse",NA,"democracy",0,"ins_all",1
"24",24,21,145,"Bolivia","BOL","Juan Morales",28,0,-888,-888,0,0,10,10,"Notfullhouse",5,0,"Notfullhouse",NA,"democracy",0,"ins_all",1
"25",25,210,346,"Bosnia and Herzegovina","BOS","Izetbegovic",29,0,2.1,0,4,5,9,9,"noauthority",9,0,NA,0,"noauthority",0,"ins_all",0
"26",26,211,346,"Bosnia and Herzegovina","BOS","Radisic",30,0,1,0,4,0,2,2,"noauthority",2,0,NA,0,"noauthority",0,"ins_all",0
"27",27,212,346,"Bosnia and Herzegovina","BOS","Jelavic",31,0,1,0,4,0,2,2,"noauthority",2,0,NA,0,"noauthority",0,"ins_all",0
"29",29,214,346,"Bosnia and Herzegovina","BOS","Radisic",33,0,1,0,4,0,2,2,"noauthority",2,0,NA,0,"noauthority",0,"ins_all",0
"30",30,215,346,"Bosnia and Herzegovina","BOS","Krizanovic",34,0,1,0,4,0,2,2,"noauthority",2,0,NA,0,"noauthority",0,"ins_all",0
"32",32,217,346,"Bosnia and Herzegovina","BOS","Sarovic",36,0,1,0,4,0,2,2,"noauthority",2,0,NA,0,"noauthority",0,"ins_all",0
"34",34,219,346,"Bosnia and Herzegovina","BOS","Dragan Covic",38,0,1,0,4,0,2,2,"noauthority",2,0,NA,0,"noauthority",0,"ins_all",0
"36",36,221,346,"Bosnia and Herzegovina","BOS","Borislav Paravac",40,0,1,0,4,0,2,2,"noauthority",2,0,NA,0,"noauthority",0,"ins_all",0
"37",37,222,346,"Bosnia and Herzegovina","BOS","Miro Jovic",41,0,1,0,4,0,2,2,"noauthority",2,0,NA,0,"noauthority",0,"ins_all",0
"39",39,224,346,"Bosnia and Herzegovina","BOS","Radmanovic",43,0,1,0,4,0,2,2,"noauthority",2,0,NA,0,"noauthority",0,"ins_all",0
"40",40,225,346,"Bosnia and Herzegovina","BOS","Zeljko Komsic",44,0,1,0,4,0,2,2,"noauthority",2,0,NA,0,"noauthority",0,"ins_all",0
"42",42,227,346,"Bosnia and Herzegovina","BOS","Radmanovic",46,0,1,0,4,0,2,2,"noauthority",2,0,NA,0,"noauthority",0,"ins_all",0
"43",43,228,346,"Bosnia and Herzegovina","BOS","Zeljko Komsic",47,0,1,0,4,0,2,2,"noauthority",2,0,NA,0,"noauthority",0,"ins_all",0
"45",45,230,346,"Bosnia and Herzegovina","BOS","Radmanovic",49,0,1,0,4,0,2,2,"noauthority",2,0,NA,0,"noauthority",0,"ins_all",0
"46",46,231,346,"Bosnia and Herzegovina","BOS","Zeljko Komsic",50,0,1,0,4,0,4,4,"noauthority",4,0,NA,0,"noauthority",0,"ins_all",0
"47",47,232,346,"Bosnia and Herzegovina","BOS","Ivanic",51,0,1,0,4,0,2,2,"noauthority",2,0,NA,0,"noauthority",0,"ins_all",0
"49",49,22,571,"Botswana","BOT","Masire",53,0,1,0,0,15,19,19,"fullhouse",4,0,"fullhouse",NA,"democracy",0,"ins_all",1
"50",50,23,571,"Botswana","BOT","Mogae",54,0,1,0,0,0,11,11,"fullhouse",8,1,"fullhouse",NA,"democracy",1,"s_all",0
"51",51,24,571,"Botswana","BOT","Ian Khama",55,0,-888,-888,0,0,8,8,"fullhouse",8,0,"fullhouse",NA,"democracy",0,"s_all",0
"52",52,25,140,"Brazil","BRA","Cardoso",56,0,1,0,0,7,9,9,"Notfullhouse",2,0,"Notfullhouse",NA,"democracy",0,"s_all",0
"53",53,26,355,"Bulgaria","BUL","Indzhova",59,0,1,0,0,0,2,2,"Notfullhouse",2,0,"Notfullhouse",NA,"democracy",0,"ins_all",1
"54",54,27,355,"Bulgaria","BUL","Videnov",60,0,1,0,0,0,3,3,"fullhouse",3,0,"fullhouse",NA,"democracy",0,"ins_all",1
"55",55,28,355,"Bulgaria","BUL","Kostov",62,0,1,0,0,0,5,5,"fullhouse",5,1,"fullhouse",NA,"democracy",1,"ins_all",1
"56",56,29,355,"Bulgaria","BUL","Saksgoburggotski",63,0,1,0,0,0,5,5,"fullhouse",5,0,"fullhouse",NA,"democracy",0,"ins_t_s",1
"57",57,30,355,"Bulgaria","BUL","Stanishev",64,0,1,0,0,0,5,5,"Notfullhouse",5,0,"Notfullhouse",NA,"democracy",0,"s_all",0
"58",58,31,355,"Bulgaria","BUL","Boyko Borisov",65,0,1,0,0,0,5,5,"Notfullhouse",5,0,"Notfullhouse",NA,"democracy",0,"s_all",0
"59",59,32,355,"Bulgaria","BUL","Oresharski",66,0,1,0,0,0,2,2,"Notfullhouse",2,0,"Notfullhouse",NA,"democracy",0,"s_all",0
"60",60,33,355,"Bulgaria","BUL","Boyko Borisov",68,0,-888,-888,0,0,2,2,"Notfullhouse",2,0,"Notfullhouse",NA,"democracy",0,"s_all",0
"61",61,234,710,"China","CHN","Deng Xiaoping",74,0,2,0,1,15,18,18,"regime",18,0,NA,1,"dictatorship",0,"s_all",0
"62",62,235,710,"China","CHN","Jiang Zemin",75,0,1,0,1,0,4,7,"regime",7,0,NA,1,"dictatorship",1,"shock_t",1
"63",63,236,710,"China","CHN","Hu Jintao",76,0,1,0,1,0,10,10,"regime",2,1,NA,1,"dictatorship",0,"s_all",0
"64",64,237,710,"China","CHN","Xi Jinping",77,0,1,0,1,0,4,4,"regime",4,0,NA,1,"dictatorship",0,"s_all",0
"65",65,34,100,"Colombia","COL","Pizano",78,0,1,0,0,1,5,5,"Notfullhouse",4,0,"Notfullhouse",NA,"democracy",0,"s_all",0
"66",66,35,100,"Colombia","COL","Santos Calderon",81,0,-888,-888,0,0,6,6,"Notfullhouse",2,1,"Notfullhouse",NA,"democracy",1,"s_all",0
"67",67,238,100,"Colombia","COL","Arango",79,0,1,0,4,0,5,5,"noauthority",5,0,NA,0,"noauthority",0,"i_t_s",0
"68",68,239,100,"Colombia","COL","Alvaro Uribe Velez",80,0,1,0,4,0,1,9,"noauthority",2,1,NA,0,"noauthority",0,"i_t_s",0
"69",69,36,344,"Croatia","CRO","Tudjman",93,0,2,0,0,5,10,10,"reelected",5,0,"reelected",NA,"democracy",0,"ins_all",1
"70",70,37,344,"Croatia","CRO","Pavletic",94,0,1,0,0,0,2,2,"fullhouse",2,0,"fullhouse",NA,"democracy",0,"ins_all",1
"71",71,38,344,"Croatia","CRO","Mesic",96,0,1,0,0,0,11,11,"fullhouse",1,1,"fullhouse",NA,"democracy",1,"ins_all",1
"72",72,39,344,"Croatia","CRO","Josipovic",97,0,1,0,0,0,6,6,"fullhouse",6,0,"fullhouse",NA,"democracy",0,"s_all",0
"73",73,40,352,"Cyprus","CYP","Clerides",99,0,1,0,0,2,11,11,"Notfullhouse",9,0,"Notfullhouse",NA,"democracy",0,"s_all",0
"74",74,41,352,"Cyprus","CYP","Tassos Nikolaou Papadopoulos",100,0,1,0,0,0,5,6,"Notfullhouse",5,0,"Notfullhouse",NA,"democracy",0,"s_all",0
"75",75,42,352,"Cyprus","CYP","Dimitris Christofias",101,0,1,0,0,0,2,6,"Notfullhouse",2,0,"Notfullhouse",NA,"democracy",0,"s_all",0
"76",76,43,352,"Cyprus","CYP","Anastasiades",102,0,-888,-888,0,2,3,3,"Notfullhouse",1,0,"Notfullhouse",NA,"democracy",0,"s_all",0
"77",77,44,42,"Dominican Republic","DOM","Balaguer",114,0,1,0,0,9,11,11,"reelected",2,0,"reelected",NA,"democracy",0,"ins_all",1
"78",78,45,42,"Dominican Republic","DOM","Fernandez Reyna",115,0,1,0,0,0,5,5,"Notfullhouse",2,1,"Notfullhouse",NA,"democracy",1,"ins_all",1
"79",79,46,42,"Dominican Republic","DOM","Hipolito Mejia",116,0,1,0,0,0,5,5,"Notfullhouse",5,0,"Notfullhouse",NA,"democracy",0,"ins_all",1
"80",80,47,42,"Dominican Republic","DOM","Fernandez Reyna",117,0,1,0,0,0,8,8,"Notfullhouse",5,1,"Notfullhouse",NA,"democracy",1,"ins_t_s",1
"81",81,48,42,"Dominican Republic","DOM","Medina",118,0,-888,-888,0,0,4,4,"Notfullhouse",4,0,"Notfullhouse",NA,"democracy",0,"s_all",0
"82",82,240,816,"Vietnam","DRV","Do Muoi",119,0,1,0,1,4,1,7,"regime",5,1,NA,1,"dictatorship",0,"s_t_i",1
"83",83,241,816,"Vietnam","DRV","Phieu",120,0,1,0,1,0,5,5,"regime",5,0,NA,1,"dictatorship",0,"s_all",0
"84",84,242,816,"Vietnam","DRV","Nong Duc Manh",121,0,1,0,1,0,11,11,"regime",6,1,NA,1,"dictatorship",0,"s_all",0
"85",85,243,816,"Vietnam","DRV","Phu Trong",122,0,-888,-888,1,0,5,5,"regime",2,1,NA,1,"dictatorship",0,"s_all",0
"86",86,49,130,"Ecuador","ECU","Duran Ballen",123,0,1,0,0,3,5,5,"Notfullhouse",2,0,"Notfullhouse",NA,"democracy",0,"s_all",0
"87",87,50,130,"Ecuador","ECU","Bucaram Ortiz",124,0,1,0,0,0,2,2,"Notfullhouse",2,0,"Notfullhouse",NA,"democracy",0,"s_all",0
"88",88,51,130,"Ecuador","ECU","Alarcon Fabian",127,0,1,0,0,0,2,2,"Notfullhouse",2,0,"Notfullhouse",NA,"democracy",0,"s_all",0
"89",89,52,130,"Ecuador","ECU","Mahuad",128,0,3,2,0,0,3,3,"Notfullhouse",3,0,"Notfullhouse",NA,"democracy",0,"shockt",1
"90",90,53,130,"Ecuador","ECU","Lucio Gutierrez",130,0,1,0,0,0,3,3,"Notfullhouse",2,1,"Notfullhouse",NA,"democracy",1,"ins_all",1
"91",91,54,130,"Ecuador","ECU","Alfredo Palacio",131,0,1,0,0,0,3,3,"Notfullhouse",3,0,"Notfullhouse",NA,"democracy",0,"ins_all",1
"92",92,55,130,"Ecuador","ECU","Rafael Correa",132,0,-888,-888,0,0,9,9,"Notfullhouse",6,1,"Notfullhouse",NA,"democracy",1,"ins_all",1
"93",93,244,130,"Ecuador","ECU","Gustavo Noboa*",129,1,1,0,1,0,1,4,"regime",4,1,NA,1,"dictatorship",0,"s_t_i",1
"94",94,245,651,"Egypt","EGY","Tantawi",134,0,1,0,1,0,1,2,"regime",2,0,NA,1,"dictatorship",0,"s_t_i",1
"96",96,247,651,"Egypt","EGY","Mansour",136,1,1,0,1,0,2,2,"opposition",2,0,NA,0,"dictatorship",0,"ins_all",0
"97",97,248,651,"Egypt","EGY","al-Sisi",137,0,-888,-888,1,0,2,2,"opposition",2,0,NA,0,"dictatorship",0,"ins_all",0
"98",98,56,372,"Georgia","GRG","Saakashvili",148,0,3,2,1,0,1,10,"fullhouse",9,1,"fullhouse",NA,"democracy",1,"ins_all",1
"99",99,57,372,"Georgia","GRG","Margvelashvili",149,0,-888,-888,0,0,3,3,"fullhouse",3,0,"fullhouse",NA,"democracy",0,"ins_all",1
"100",100,249,372,"Georgia","GRG","Shevardnadze",146,0,3,2,1,3,12,12,"opposition",12,0,NA,0,"dictatorship",1,"shock_t",1
"101",101,250,372,"Georgia","GRG","Burdjanadze",147,0,1,0,1,0,2,2,"unaffiliated",2,0,NA,0,"dictatorship",0,"ins_all",0
"102",102,58,90,"Guatemala","GUA","Leon Carpio",150,1,1,0,0,2,4,4,"Notfullhouse",2,0,"Notfullhouse",NA,"democracy",0,"ins_all",1
"103",103,59,90,"Guatemala","GUA","Arzu Yrigoyen",151,0,1,0,0,0,5,5,"fullhouse",5,0,"fullhouse",NA,"democracy",0,"ins_all",1
"104",104,60,90,"Guatemala","GUA","Alfonso Portillo Cabrera",152,0,1,0,0,0,5,5,"fullhouse",5,0,"fullhouse",NA,"democracy",0,"ins_all",1
"105",105,61,90,"Guatemala","GUA","Berger Perdomo",153,0,1,0,0,0,5,5,"Notfullhouse",1,1,"Notfullhouse",NA,"democracy",1,"ins_t_s",1
"106",106,62,90,"Guatemala","GUA","Colom Caballeros",154,0,1,0,0,0,5,5,"Notfullhouse",5,0,"Notfullhouse",NA,"democracy",0,"s_all",0
"107",107,63,90,"Guatemala","GUA","Perez Molina",155,0,-888,-888,0,0,4,4,"Notfullhouse",1,1,"Notfullhouse",NA,"democracy",1,"s_all",0
"108",108,64,110,"Guyana","GUY","Jagan Cheddi",156,0,2,0,2,0,3,6,"fullhouse",3,0,"fullhouse",NA,"democracy",0,"ins_all",1
"109",109,65,110,"Guyana","GUY","Janet Jagan",158,0,2.099999905,0,0,0,3,3,"fullhouse",3,0,"fullhouse",NA,"democracy",0,"ins_all",1
"110",110,66,110,"Guyana","GUY","Bharrat Jagdeo",159,0,1,0,0,0,13,13,"fullhouse",10,1,"fullhouse",NA,"democracy",1,"ins_t_s",1
"111",111,67,110,"Guyana","GUY","Ramotar",160,0,1,0,0,0,5,5,"fullhouse",5,0,"fullhouse",NA,"democracy",0,"s_all",0
"112",112,68,91,"Honduras","HON","Reina",161,0,1,0,0,0,4,4,"fullhouse",4,0,"fullhouse",NA,"democracy",0,"s_all",0
"113",113,69,91,"Honduras","HON","Flores Facusse",162,0,1,0,0,0,5,5,"fullhouse",5,0,"fullhouse",NA,"democracy",0,"ins_all",1
"114",114,70,91,"Honduras","HON","Ricardo Maduro",163,0,1,0,0,0,5,5,"Notfullhouse",5,0,"Notfullhouse",NA,"democracy",0,"ins_all",1
"115",115,71,91,"Honduras","HON","Zelaya",164,0,3,6,0,0,4,4,"Notfullhouse",4,0,"Notfullhouse",NA,"democracy",0,"ins_all",1
"116",116,72,91,"Honduras","HON","Micheletti",165,1,1,0,0,0,2,2,"Notfullhouse",2,0,"Notfullhouse",NA,"democracy",0,"ins_all",1
"117",117,73,91,"Honduras","HON","Lobo",166,0,1,0,0,0,5,5,"fullhouse",3,1,"fullhouse",NA,"democracy",1,"ins_all",1
"118",118,74,91,"Honduras","HON","Hern<e1>ndez",167,0,-888,-888,0,0,2,2,"fullhouse",2,0,"fullhouse",NA,"democracy",0,"ins_all",1
"119",119,75,310,"Hungary","HUN","Horn",168,0,1,0,0,1,5,5,"Notfullhouse",4,0,"Notfullhouse",NA,"democracy",0,"ins_all",1
"120",120,76,310,"Hungary","HUN","Orban",169,0,1,0,0,0,5,5,"Notfullhouse",5,0,"Notfullhouse",NA,"democracy",0,"ins_t_s",1
"121",121,77,310,"Hungary","HUN","Peter Medgyessy",170,0,1,0,0,0,3,3,"Notfullhouse",3,0,"Notfullhouse",NA,"democracy",0,"s_all",0
"122",122,78,310,"Hungary","HUN","Ferenc Gyurcsany",171,0,1,0,0,0,6,6,"Notfullhouse",6,0,"Notfullhouse",NA,"democracy",0,"s_all",0
"123",123,79,310,"Hungary","HUN","Bajnai",172,0,1,0,0,0,2,2,"Notfullhouse",2,0,"Notfullhouse",NA,"democracy",0,"s_all",0
"124",124,80,310,"Hungary","HUN","Orban",173,0,-888,-888,0,0,0,6,"Notfullhouse",6,0,"Notfullhouse",NA,"democracy",0,"s_all",0
"125",125,81,750,"India","IND","Rao",174,0,1,0,0,4,6,6,"Notfullhouse",2,0,"Notfullhouse",NA,"democracy",0,"ins_all",1
"126",126,82,750,"India","IND","Gujral",177,0,1,0,0,0,2,2,"Notfullhouse",2,0,"Notfullhouse",NA,"democracy",0,"ins_all",1
"127",127,83,750,"India","IND","Vajpayee",178,0,1,0,0,0,7,7,"Notfullhouse",6,1,"Notfullhouse",NA,"democracy",1,"ins_t_s",1
"128",128,84,750,"India","IND","Manmohan Singh",179,0,1,0,0,0,11,11,"Notfullhouse",1,1,"Notfullhouse",NA,"democracy",1,"s_all",0
"129",129,85,750,"India","IND","Narendra Modi",180,0,-888,-888,0,0,2,2,"Notfullhouse",1,1,"Notfullhouse",NA,"democracy",1,"s_all",0
"130",130,86,850,"Indonesia","INS","Wahid",183,0,1,0,2,1,3,3,"Notfullhouse",2,0,"Notfullhouse",NA,"democracy",0,"ins_all",1
"131",131,87,850,"Indonesia","INS","Megawati Sukarnoputri",184,0,1,0,0,0,4,4,"Notfullhouse",4,0,"Notfullhouse",NA,"democracy",0,"ins_all",1
"132",132,88,850,"Indonesia","INS","Bambang Yudhoyono",185,0,1,0,0,0,0,11,"Notfullhouse",2,1,"Notfullhouse",NA,"democracy",1,"ins_t_s",1
"133",133,89,850,"Indonesia","INS","Joko Widodo",186,0,-888,-888,0,0,2,2,"fullhouse",2,0,"fullhouse",NA,"democracy",0,"s_all",0
"134",134,251,850,"Indonesia","INS","Suharto",181,1,1,0,1,24,28,28,"independent",28,0,NA,0,"dictatorship",0,"ins_all",0
"135",135,252,850,"Indonesia","INS","Habibie",182,0,1,0,1,0,2,2,"unaffiliated",2,0,NA,0,"dictatorship",0,"ins_all",0
"136",136,90,51,"Jamaica","JAM","Patterson",187,0,1,0,0,3,15,15,"fullhouse",12,0,"fullhouse",NA,"democracy",0,"s_all",0
"137",137,91,51,"Jamaica","JAM","Simpson-Miller",188,0,1,0,0,0,2,2,"fullhouse",2,0,"fullhouse",NA,"democracy",0,"s_all",0
"138",138,92,51,"Jamaica","JAM","Holness",190,0,1,0,0,0,5,5,"fullhouse",1,1,"fullhouse",NA,"democracy",1,"s_all",0
"139",139,93,51,"Jamaica","JAM","Simpson-Miller",191,0,-888,-888,0,0,4,4,"fullhouse",4,0,"fullhouse",NA,"democracy",0,"s_all",0
"140",140,253,663,"Jordan","JOR","Hussein Ibn Talal El-Hashim",192,0,2,0,1,24,NA,29,"regime",25,1,NA,1,"dictatorship",0,"s_t_i",1
"141",141,254,663,"Jordan","JOR","Abdullah Ibn Hussein El-Hashimi",193,0,-888,-888,1,0,13,17,"regime",1,1,NA,1,"dictatorship",0,"shock_t",1
"142",142,256,690,"Kuwait","KUW","Jabir As-Sabah",195,0,4,9,1,4,16,16,"regime",7,1,NA,1,"dictatorship",0,"ins_all",0
"144",144,258,690,"Kuwait","KUW","Sheikh Sabah Al Ahmad Al Jabir Al Sabah",196,0,-888,-888,1,0,10,10,"opposition",1,1,NA,0,"dictatorship",0,"i_t_s",0
"145",145,255,705,"Kazakhstan","KZK","Nazarbaev",194,0,-888,-888,1,5,15,26,"regime",21,1,NA,1,"dictatorship",1,"shock_t",1
"146",146,94,367,"Latvia","LAT","Gailis",197,0,1,0,0,1,2,2,"Notfullhouse",1,1,"Notfullhouse",NA,"democracy",1,"ins_all",1
"147",147,95,367,"Latvia","LAT","Skele",198,0,1,0,0,0,3,3,"Notfullhouse",3,0,"Notfullhouse",NA,"democracy",0,"ins_all",1
"148",148,96,367,"Latvia","LAT","Krasts",199,0,1,0,0,0,2,2,"Notfullhouse",2,0,"Notfullhouse",NA,"democracy",0,"ins_all",1
"149",149,97,367,"Latvia","LAT","Kristopans",200,0,1,0,0,0,2,2,"Notfullhouse",2,0,"Notfullhouse",NA,"democracy",0,"ins_all",1
"150",150,98,367,"Latvia","LAT","Skele",201,0,1,0,0,0,2,2,"Notfullhouse",2,0,"Notfullhouse",NA,"democracy",0,"ins_all",1
"151",151,99,367,"Latvia","LAT","Berzins",202,0,1,0,0,0,3,3,"Notfullhouse",3,0,"Notfullhouse",NA,"democracy",0,"ins_t_s",1
"152",152,100,367,"Latvia","LAT","Repse",203,0,1,0,0,0,3,3,"Notfullhouse",3,0,"Notfullhouse",NA,"democracy",0,"s_all",0
"153",153,101,660,"Lebanon","LEB","Emile Lahoud",210,0,1,0,0,7,10,10,"Notfullhouse",3,0,"Notfullhouse",NA,"democracy",0,"ins_all",1
"154",154,102,660,"Lebanon","LEB","Siniora",211,0,3,6,0,0,2,2,"Notfullhouse",2,0,"Notfullhouse",NA,"democracy",0,"ins_all",1
"155",155,103,660,"Lebanon","LEB","Suleiman",212,0,1,0,0,0,7,7,"Notfullhouse",7,0,"Notfullhouse",NA,"democracy",0,"ins_all",1
"156",156,104,660,"Lebanon","LEB","Salam",213,0,-888,-888,0,0,2,2,"Notfullhouse",2,0,"Notfullhouse",NA,"democracy",0,"ins_all",1
"157",157,259,660,"Lebanon","LEB","Elias Hrawi",209,0,1,0,4,6,10,10,"noauthority",7,1,NA,0,"noauthority",0,"ins_all",0
"158",158,105,570,"Lesotho","LES","Mokhehle",214,1,1,0,0,0,5,5,"Notfullhouse",5,0,"Notfullhouse",NA,"democracy",0,"ins_all",1
"159",159,106,570,"Lesotho","LES","Mosisili",215,0,1,0,0,0,15,15,"Notfullhouse",8,1,"Notfullhouse",NA,"democracy",1,"ins_all",1
"160",160,107,570,"Lesotho","LES","Thabane",216,0,1,0,0,0,4,4,"fullhouse",4,0,"fullhouse",NA,"democracy",0,"ins_all",1
"161",161,108,343,"Macedonia","MAC","Crvenkovski",224,0,1,0,0,3,7,7,"fullhouse",4,0,"fullhouse",NA,"democracy",0,"ins_all",1
"162",162,109,343,"Macedonia","MAC","Georgievski",225,0,1,0,0,0,5,5,"Notfullhouse",3,1,"Notfullhouse",NA,"democracy",1,"ins_t_s",1
"163",163,110,343,"Macedonia","MAC","Crvenkovski",226,0,1,0,0,0,3,3,"Notfullhouse",3,0,"Notfullhouse",NA,"democracy",0,"ins_all",1
"164",164,111,343,"Macedonia","MAC","Vlado Buckovski",230,0,1,0,0,0,3,3,"fullhouse",3,0,"fullhouse",NA,"democracy",0,"ins_all",1
"165",165,112,343,"Macedonia","MAC","Gruevski",231,0,-888,-888,0,0,10,10,"Notfullhouse",10,0,"Notfullhouse",NA,"democracy",0,"ins_t_s",1
"166",166,260,820,"Malaysia","MAL","Mahatir Bin Mohammad",232,0,1,0,1,14,15,23,"regime",23,0,NA,1,"dictatorship",0,"s_t_i",1
"167",167,261,820,"Malaysia","MAL","Najib Tun Razak",234,0,-888,-888,1,0,1,7,"regime",3,1,NA,1,"dictatorship",0,"s_t_i",1
"168",168,113,70,"Mexico","MEX","Vicente Fox Quesada",236,0,1,0,2,0,7,7,"Notfullhouse",1,1,"Notfullhouse",NA,"democracy",1,"ins_all",1
"169",169,114,70,"Mexico","MEX","Calderon",237,0,1,0,0,0,7,7,"Notfullhouse",7,0,"Notfullhouse",NA,"democracy",0,"s_all",0
"170",170,115,70,"Mexico","MEX","Enrique Pena Nieto",238,0,-888,-888,0,0,4,4,"fullhouse",4,0,"fullhouse",NA,"democracy",0,"s_all",0
"171",171,262,70,"Mexico","MEX","Zedillo",235,0,1,0,1,1,1,7,"regime",2,1,NA,1,"dictatorship",0,"s_t_i",1
"172",172,116,359,"Moldova","MLD","Snegur",239,0,1,0,0,5,8,8,"fullhouse",3,0,"fullhouse",NA,"democracy",0,"ins_all",1
"173",173,117,359,"Moldova","MLD","Lucinschi",240,0,1,0,0,0,5,5,"Notfullhouse",5,0,"Notfullhouse",NA,"democracy",0,"ins_t_s",1
"174",174,118,359,"Moldova","MLD","Tarlev",241,0,1,0,0,0,7,8,"fullhouse",7,0,"fullhouse",NA,"democracy",0,"shockt",1
"175",175,119,359,"Moldova","MLD","Greceanii",242,0,1,0,0,0,2,2,"fullhouse",2,0,"fullhouse",NA,"democracy",0,"ins_all",1
"176",176,120,359,"Moldova","MLD","Vlad Filat",244,0,1,0,0,0,5,5,"Notfullhouse",5,0,"Notfullhouse",NA,"democracy",0,"ins_all",1
"177",177,121,359,"Moldova","MLD","Iurie Leanca",245,0,1,0,0,0,3,3,"Notfullhouse",2,1,"Notfullhouse",NA,"democracy",1,"ins_all",1
"178",178,122,712,"Mongolia","MON","Bagabandi",250,0,1,0,0,0,9,9,"Notfullhouse",9,0,"Notfullhouse",NA,"democracy",0,"ins_t_s",1
"179",179,123,712,"Mongolia","MON","Enkhbayar",251,0,1,0,0,0,5,5,"Notfullhouse",5,0,"Notfullhouse",NA,"democracy",0,"s_all",0
"180",180,124,712,"Mongolia","MON","Elbegdorj",252,0,-888,-888,0,0,7,7,"Notfullhouse",7,1,"Notfullhouse",NA,"democracy",1,"s_all",0
"181",181,263,712,"Mongolia","MON","Ochirbat",249,0,1,0,2,5,8,8,"revolt",8,0,NA,0,"dictatorship",0,"ins_all",0
"182",182,264,600,"Morocco","MOR","Hassan II",253,0,2,0,1,24,25,29,"regime",27,1,NA,1,"dictatorship",0,"s_t_i",1
"183",183,265,600,"Morocco","MOR","Muhammad VI",254,0,-888,-888,1,0,14,17,"regime",5,1,NA,1,"dictatorship",0,"shock_t",1
"184",184,266,565,"Namibia","NAM","Nujoma",255,0,1,0,1,5,14,16,"regime",16,1,NA,1,"dictatorship",0,"shock_t",1
"185",185,267,565,"Namibia","NAM","Pohamba",256,0,1,0,1,0,11,11,"regime",11,0,NA,1,"dictatorship",0,"s_all",0
"187",187,125,790,"Nepal","NEP","Sher Bahadur Deuba",259,0,1,0,0,0,3,3,"Notfullhouse",3,0,"Notfullhouse",NA,"democracy",0,"ins_all",1
"188",188,126,790,"Nepal","NEP","Surya  Bahadur Thapa",261,0,1,0,0,0,2,2,"Notfullhouse",2,0,"Notfullhouse",NA,"democracy",0,"ins_all",1
"189",189,127,790,"Nepal","NEP","Girija Prasad Koirala",262,0,1,0,0,0,2,2,"fullhouse",2,0,"fullhouse",NA,"democracy",0,"ins_all",1
"190",190,128,790,"Nepal","NEP","Krishna Prasad Bhatterai",263,0,1,0,0,0,2,2,"fullhouse",2,0,"fullhouse",NA,"democracy",0,"ins_all",1
"191",191,129,790,"Nepal","NEP","Girija Prasad Koirala",264,0,1,0,0,0,3,3,"fullhouse",1,1,"fullhouse",NA,"democracy",1,"ins_all",1
"192",192,130,790,"Nepal","NEP","Prachanda",271,0,1,0,0,0,2,2,"Notfullhouse",2,0,"Notfullhouse",NA,"democracy",0,"ins_all",1
"193",193,131,790,"Nepal","NEP","Madhav Kumar Nepal",272,0,1,0,0,0,3,3,"Notfullhouse",3,0,"Notfullhouse",NA,"democracy",0,"ins_all",1
"194",194,132,790,"Nepal","NEP","Bhattarai",274,0,1,0,0,0,3,3,"Notfullhouse",3,0,"Notfullhouse",NA,"democracy",0,"ins_all",1
"195",195,133,790,"Nepal","NEP","Khil Raj Regmi",275,0,1,0,0,0,2,2,"Notfullhouse",2,0,"Notfullhouse",NA,"democracy",0,"ins_all",1
"196",196,134,790,"Nepal","NEP","Sushil Koirala",276,0,1,0,0,0,2,2,"Notfullhouse",2,0,"Notfullhouse",NA,"democracy",0,"ins_all",1
"197",197,269,790,"Nepal","NEP","Sher Bahdur Deuba",265,0,1,0,4,0,2,2,"noauthority",2,0,NA,0,"noauthority",1,"ins_all",0
"198",198,270,790,"Nepal","NEP","Lokendra Bahadur Chand",266,0,1,0,4,0,2,2,"noauthority",2,0,NA,0,"noauthority",0,"ins_all",0
"199",199,271,790,"Nepal","NEP","Surya Bahadur Thapa",267,0,1,0,4,0,2,2,"noauthority",2,0,NA,0,"noauthority",0,"ins_all",0
"200",200,272,790,"Nepal","NEP","Sher Bahdur Deuba",268,0,1,0,4,0,2,2,"noauthority",2,0,NA,0,"noauthority",0,"ins_all",0
"201",201,273,790,"Nepal","NEP","Gyanendra",269,0,3,2,4,0,2,2,"noauthority",2,0,NA,0,"noauthority",0,"ins_all",0
"202",202,135,93,"Nicaragua","NIC","Violeta Chamorro",278,0,1,0,2,5,8,8,"Notfullhouse",3,0,"Notfullhouse",NA,"democracy",0,"ins_all",1
"203",203,136,93,"Nicaragua","NIC","Aleman",279,0,1,0,0,0,6,6,"Notfullhouse",6,0,"Notfullhouse",NA,"democracy",0,"ins_t_s",1
"204",204,137,93,"Nicaragua","NIC","Enrique Bolanos",280,0,1,0,0,0,6,6,"fullhouse",3,1,"fullhouse",NA,"democracy",1,"s_all",0
"205",205,138,93,"Nicaragua","NIC","Daniel Ortega",281,0,-888,-888,0,0,9,9,"fullhouse",6,1,"fullhouse",NA,"democracy",1,"shockt",1
"206",206,139,95,"Panama","PAN","Balladares",283,0,1,0,0,1,6,6,"Notfullhouse",5,0,"Notfullhouse",NA,"democracy",0,"ins_all",1
"207",207,140,95,"Panama","PAN","Mireya Moscoso",284,0,1,0,0,0,6,6,"Dopposition",2,1,"Dopposition",NA,"democracy",1,"ins_all",1
"208",208,141,95,"Panama","PAN","Martinelli",286,0,1,0,0,0,10,10,"Notfullhouse",8,1,"Notfullhouse",NA,"democracy",1,"ins_t_s",1
"209",209,142,95,"Panama","PAN","Varela Rodriguez",287,0,-888,-888,0,0,2,2,"Notfullhouse",1,1,"Notfullhouse",NA,"democracy",1,"s_all",0
"210",210,143,150,"Paraguay","PAR","Fernando Lugo",293,0,1,0,2,0,5,5,"Notfullhouse",5,0,"Notfullhouse",NA,"democracy",0,"ins_all",1
"211",211,144,150,"Paraguay","PAR","Federico Franco",294,0,1,0,0,0,2,2,"Notfullhouse",2,0,"Notfullhouse",NA,"democracy",0,"ins_all",1
"212",212,145,150,"Paraguay","PAR","Horacio Cartes",295,0,-888,-888,0,0,3,3,"fullhouse",3,0,"fullhouse",NA,"democracy",0,"ins_all",1
"213",213,274,150,"Paraguay","PAR","Wasmosy Monti",288,0,1,0,1,2,NA,6,"regime",6,0,NA,1,"dictatorship",0,"s_t_i",1
"214",214,275,150,"Paraguay","PAR","Cubas Grau",289,0,1,0,2,0,1,2,"regime",2,0,NA,1,"dictatorship",0,"s_t_i",1
"215",215,276,150,"Paraguay","PAR","Gonzalez Macchi",290,0,1,0,3,0,5,5,"regime",5,0,NA,1,"dictatorship",1,"shock_t",1
"216",216,277,150,"Paraguay","PAR","Nicanor Duarte Frutos",292,0,1,0,1,0,1,6,"regime",2,1,NA,1,"dictatorship",0,"s_t_i",1
"217",217,146,135,"Peru","PER","Alejandro Toledo",298,0,1,0,2,1,6,6,"Notfullhouse",3,1,"Notfullhouse",NA,"democracy",1,"ins_all",1
"218",218,147,135,"Peru","PER","Garcia Perez",299,0,1,0,0,0,6,6,"Notfullhouse",1,1,"Notfullhouse",NA,"democracy",1,"ins_t_s",1
"219",219,148,135,"Peru","PER","Ollanta Humala",300,0,-888,-888,0,0,5,5,"Notfullhouse",5,0,"Notfullhouse",NA,"democracy",0,"s_all",0
"220",220,278,135,"Peru","PER","Fujimori",296,0,1,0,1,5,11,11,"opposition",11,0,NA,0,"dictatorship",0,"ins_all",0
"221",221,279,135,"Peru","PER","Valentin Paniagua",297,0,1,0,1,0,2,2,"unaffiliated",2,0,NA,0,"dictatorship",0,"ins_all",0
"222",222,149,840,"Philippines","PHI","Ramos",301,0,1,0,0,3,7,7,"fullhouse",4,0,"fullhouse",NA,"democracy",0,"ins_all",1
"223",223,150,840,"Philippines","PHI","Estrada",302,0,1,0,0,0,4,4,"Notfullhouse",4,0,"Notfullhouse",NA,"democracy",0,"ins_all",1
"224",224,151,840,"Philippines","PHI","Gloria Macapagal-Arroyo",303,0,1,0,0,0,10,10,"Notfullhouse",2,1,"Notfullhouse",NA,"democracy",1,"ins_all",1
"225",225,152,840,"Philippines","PHI","Benigno Aquino III",304,0,-888,-888,0,0,6,6,"Notfullhouse",6,1,"Notfullhouse",NA,"democracy",1,"ins_all",1
"226",226,280,694,"Qatar","QAT","Khalifah Ath-Thani",316,1,3,8,1,23,24,24,"independent",24,0,NA,0,"dictatorship",0,"ins_all",0
"227",227,281,694,"Qatar","QAT","Hamad ibn Khalifah Al Thani",317,1,1,0,1,0,14,19,"opposition",8,1,NA,0,"dictatorship",0,"ins_all",0
"228",228,153,360,"Romania","RUM","Vacariou",319,0,1,0,0,3,5,5,"Notfullhouse",2,0,"Notfullhouse",NA,"democracy",0,"ins_all",1
"229",229,154,360,"Romania","RUM","Ciorbea",320,0,1,0,0,0,3,3,"Notfullhouse",3,0,"Notfullhouse",NA,"democracy",0,"ins_all",1
"230",230,155,360,"Romania","RUM","Vasile",322,0,1,0,0,0,2,2,"Notfullhouse",2,0,"Notfullhouse",NA,"democracy",0,"ins_all",1
"231",231,156,360,"Romania","RUM","Isarescu",324,0,1,0,0,0,2,2,"Notfullhouse",2,0,"Notfullhouse",NA,"democracy",0,"ins_all",1
"232",232,157,360,"Romania","RUM","A. Nastase",325,0,1,0,0,0,5,5,"Notfullhouse",2,1,"Notfullhouse",NA,"democracy",1,"ins_all",1
"233",233,158,360,"Romania","RUM","Traian Basescu",327,0,1,0,0,0,4,4,"Notfullhouse",4,0,"Notfullhouse",NA,"democracy",0,"ins_t_s",1
"234",234,159,360,"Romania","RUM","Traian Basescu",329,0,1,0,0,0,6,6,"Notfullhouse",6,0,"Notfullhouse",NA,"democracy",0,"s_all",0
"235",235,160,360,"Romania","RUM","Traian Basescu",331,0,-888,-888,0,0,3,3,"Notfullhouse",3,0,"Notfullhouse",NA,"democracy",0,"s_all",0
"236",236,161,365,"Russia","RUS","Yeltsin",332,0,1,0,2,4,9,9,"Notfullhouse",5,0,"Notfullhouse",NA,"democracy",0,"ins_all",1
"237",237,282,365,"Russia","RUS","Putin",333,0,-888,-888,3,0,1,16,"regime",11,1,NA,1,"dictatorship",1,"s_t_i",1
"238",238,283,365,"Russia","RUS","Putin",333,0,-888,-888,3,14,15,16,"regime",16,0,NA,1,"dictatorship",1,"shock_t",1
"239",239,167,560,"South Africa","SAF","Mandela",351,0,1,0,2,1,6,6,"fullhouse",2,1,"fullhouse",NA,"democracy",1,"ins_all",1
"240",240,168,560,"South Africa","SAF","Mbeki",352,0,1,0,0,0,10,10,"fullhouse",7,1,"fullhouse",NA,"democracy",1,"ins_t_s",1
"241",241,169,560,"South Africa","SAF","Motlanthe",353,0,1,0,0,0,2,2,"fullhouse",2,0,"fullhouse",NA,"democracy",0,"ins_all",1
"242",242,170,560,"South Africa","SAF","Zuma",354,0,-888,-888,0,0,4,7,"fullhouse",7,0,"fullhouse",NA,"democracy",0,"shockt",1
"243",243,171,92,"El Salvador","SAL","Calderon Sol",355,0,1,0,0,1,6,6,"Notfullhouse",5,0,"Notfullhouse",NA,"democracy",0,"s_all",0
"244",244,172,92,"El Salvador","SAL","Flores",356,0,1,0,0,0,6,6,"Notfullhouse",6,0,"Notfullhouse",NA,"democracy",0,"s_all",0
"245",245,173,92,"El Salvador","SAL","Saca González",357,0,1,0,0,0,6,6,"Notfullhouse",3,1,"Notfullhouse",NA,"democracy",1,"s_all",0
"246",246,174,92,"El Salvador","SAL","Funes",358,0,1,0,0,0,6,6,"Notfullhouse",4,1,"Notfullhouse",NA,"democracy",1,"s_all",0
"247",247,175,92,"El Salvador","SAL","Sanchez Ceren",359,0,-888,-888,0,0,2,2,"Notfullhouse",2,1,"Notfullhouse",NA,"democracy",1,"s_all",0
"248",248,284,670,"Saudi Arabia","SAU","Fahd",334,0,2.1,0,1,13,14,15,"regime",15,0,NA,1,"dictatorship",0,"s_t_i",1
"249",249,285,670,"Saudi Arabia","SAU","Abdullah",335,0,2,0,1,0,1,20,"regime",7,1,NA,1,"dictatorship",1,"s_t_i",1
"250",250,286,670,"Saudi Arabia","SAU","Abdullah",335,0,2,0,1,13,20,20,"regime",20,0,NA,1,"dictatorship",1,"shock_t",1
"252",252,162,317,"Slovak Republic","SLO","Meciar",337,0,1,0,0,1,5,5,"fullhouse",3,1,"fullhouse",NA,"democracy",1,"ins_all",1
"253",253,163,317,"Slovak Republic","SLO","Dzurinda",338,0,1,0,0,0,9,9,"Notfullhouse",9,0,"Notfullhouse",NA,"democracy",0,"ins_t_s",1
"254",254,164,317,"Slovak Republic","SLO","Fico",339,0,1,0,0,0,5,5,"Notfullhouse",5,0,"Notfullhouse",NA,"democracy",0,"s_all",0
"255",255,165,317,"Slovak Republic","SLO","Radicova",340,0,1,0,0,0,3,3,"Notfullhouse",3,0,"Notfullhouse",NA,"democracy",0,"s_all",0
"256",256,166,317,"Slovak Republic","SLO","Fico",341,0,-888,-888,0,0,4,4,"Notfullhouse",4,0,"Notfullhouse",NA,"democracy",0,"s_all",0
"257",257,176,317,"Slovak Republic","SLO","Meciar",360,0,1,0,0,1,5,5,"fullhouse",3,1,"fullhouse",NA,"democracy",1,"ins_all",1
"258",258,177,317,"Slovak Republic","SLO","Dzurinda",361,0,1,0,0,0,9,9,"Notfullhouse",9,0,"Notfullhouse",NA,"democracy",0,"ins_t_s",1
"259",259,178,317,"Slovak Republic","SLO","Fico",362,0,1,0,0,0,5,5,"Notfullhouse",5,0,"Notfullhouse",NA,"democracy",0,"s_all",0
"260",260,179,317,"Slovak Republic","SLO","Radicova",363,0,1,0,0,0,3,3,"Notfullhouse",3,0,"Notfullhouse",NA,"democracy",0,"s_all",0
"261",261,180,317,"Slovak Republic","SLO","Fico",364,0,-888,-888,0,0,4,4,"Notfullhouse",4,0,"Notfullhouse",NA,"democracy",0,"s_all",0
"262",262,288,572,"Swaziland","SWA","Mswati",365,0,-888,-888,0,9,NA,30,"regime",20,1,NA,1,"dictatorship",0,"s_t_i",1
"263",263,289,652,"Syria","SYR","Al-Assad H.",366,0,2,0,1,25,30,31,"military",28,1,NA,0,"dictatorship",0,"ins_all",0
"264",264,290,652,"Syria","SYR","Bashar al-Assad",367,0,-888,-888,1,0,16,16,"military",16,0,NA,0,"dictatorship",1,"shock_t",1
"265",265,181,800,"Thailand","THI","Silpa-Archa",369,0,1,0,0,0,2,2,"Notfullhouse",2,0,"Notfullhouse",NA,"democracy",0,"ins_all",1
"266",266,182,800,"Thailand","THI","Chavalit Yongchaiyudh",370,0,1,0,0,0,2,2,"Notfullhouse",2,0,"Notfullhouse",NA,"democracy",0,"ins_all",1
"267",267,183,800,"Thailand","THI","Leekpai",371,0,1,0,0,0,4,4,"Notfullhouse",4,0,"Notfullhouse",NA,"democracy",0,"ins_all",1
"268",268,184,800,"Thailand","THI","Thaksin Shinawatra",372,0,3,6,0,0,6,6,"Notfullhouse",2,1,"Notfullhouse",NA,"democracy",1,"ins_all",1
"269",269,185,800,"Thailand","THI","Chulanont",373,0,1,0,0,0,3,3,"Notfullhouse",3,0,"Notfullhouse",NA,"democracy",0,"ins_all",1
"270",270,186,800,"Thailand","THI","Vejjajiva",377,0,1,0,0,0,4,4,"Notfullhouse",4,0,"Notfullhouse",NA,"democracy",0,"ins_all",1
"271",271,187,800,"Thailand","THI","Yingluck Shinawatra",378,0,1,0,0,0,4,4,"Notfullhouse",4,0,"Notfullhouse",NA,"democracy",0,"ins_all",1
"272",272,188,800,"Thailand","THI","Prayuth Chan-ocha",380,1,-888,-888,0,0,2,2,"Notfullhouse",2,0,"Notfullhouse",NA,"democracy",0,"ins_all",1
"273",273,189,52,"Trinidad and Tobago","TRI","Panday",382,0,1,0,0,0,7,7,"Notfullhouse",7,0,"Notfullhouse",NA,"democracy",0,"ins_all",1
"274",274,190,52,"Trinidad and Tobago","TRI","Manning",383,0,1,0,0,0,10,10,"Notfullhouse",8,1,"Notfullhouse",NA,"democracy",1,"ins_t_s",1
"275",275,191,52,"Trinidad and Tobago","TRI","Kamla Persad-Bissessar",384,0,1,0,0,0,6,6,"Notfullhouse",6,0,"Notfullhouse",NA,"democracy",0,"s_all",0
"276",276,291,616,"Tunisia","TUN","Zine Al-Abidine Ben Ali",385,1,3,2,1,8,13,25,"coup",25,0,NA,0,"dictatorship",1,"shock_t",1
"278",278,192,640,"Turkey","TUR","Ciller",390,0,1,0,0,2,4,4,"Notfullhouse",1,1,"Notfullhouse",NA,"democracy",1,"ins_all",1
"279",279,193,640,"Turkey","TUR","Erbakan",392,0,3,6,0,0,2,2,"Notfullhouse",2,0,"Notfullhouse",NA,"democracy",0,"ins_all",1
"280",280,194,640,"Turkey","TUR","Yilmaz",393,1,1,0,0,0,3,3,"Notfullhouse",3,0,"Notfullhouse",NA,"democracy",0,"ins_all",1
"281",281,195,640,"Turkey","TUR","Ecevit",394,0,1,0,0,0,4,4,"Notfullhouse",4,0,"Notfullhouse",NA,"democracy",0,"ins_all",1
"282",282,196,640,"Turkey","TUR","Abdullah Gul",395,0,1,0,0,0,2,2,"Notfullhouse",2,0,"Notfullhouse",NA,"democracy",0,"ins_all",1
"283",283,197,640,"Turkey","TUR","Erdogan",396,0,-888,-888,0,0,13,13,"fullhouse",6,1,"fullhouse",NA,"democracy",1,"ins_all",1
"284",284,293,696,"United Arab Emirates","UAE","An-Nahayan",402,0,2,0,1,24,34,34,"independent",32,1,NA,0,"dictatorship",0,"ins_all",0
"285",285,198,369,"Ukraine","UKR","Kuchma",397,0,1,0,0,1,12,12,"Notfullhouse",11,0,"Notfullhouse",NA,"democracy",0,"ins_t_s",1
"286",286,199,369,"Ukraine","UKR","Yushchenko",398,0,1,0,0,0,6,6,"Notfullhouse",3,1,"Notfullhouse",NA,"democracy",1,"ins_all",1
"287",287,200,369,"Ukraine","UKR","Yanukovych",399,0,1,0,0,0,5,5,"Notfullhouse",1,1,"Notfullhouse",NA,"democracy",1,"ins_all",1
"288",288,201,369,"Ukraine","UKR","Petro Poroshenko",401,0,-888,-888,0,0,2,2,"Notfullhouse",2,0,"Notfullhouse",NA,"democracy",0,"ins_all",1
"289",289,202,101,"Venezuela","VEN","Caldera Rodriguez",410,0,1,0,0,0,6,6,"Notfullhouse",6,0,"Notfullhouse",NA,"democracy",0,"ins_all",1
"290",290,203,101,"Venezuela","VEN","Hugo Chavez",411,0,2,0,0,0,4,14,"Notfullhouse",4,0,"Notfullhouse",NA,"democracy",0,"ins_all",1
"291",291,204,101,"Venezuela","VEN","Hugo Chavez",411,0,2,0,0,4,7,14,"fullhouse",6,1,"fullhouse",NA,"democracy",1,"ins_all",1
"292",292,205,101,"Venezuela","VEN","Hugo Chavez",411,0,2,0,0,7,14,14,"fullhouse",1,1,"fullhouse",NA,"democracy",1,"ins_all",1
"293",293,206,101,"Venezuela","VEN","Maduro",412,0,-888,-888,0,0,4,4,"fullhouse",4,0,"fullhouse",NA,"democracy",0,"ins_all",1
