"","ccode","idacr","leader","id","numentry","numexit","numexitcode","DICT","starttime","shocktime","tenure","political.affiliation","eventtime","event","ugovt","rtpast","DICT3","shock","polaffi2","Z"
"1",339,"ALB","Berisha",1,0,1,0,2,3,6,6,"fullhouse",3,0,"fullhouse",NA,"democracy",0,"ins_all","1"
"2",339,"ALB","Fatos Nano",2,0,1,0,0,0,2,2,"fullhouse",2,0,"fullhouse",NA,"democracy",0,"ins_all","1"
"3",339,"ALB","Majko",3,0,1,0,0,0,2,2,"fullhouse",2,0,"fullhouse",NA,"democracy",0,"ins_all","1"
"4",339,"ALB","Meta",4,0,1,0,0,0,4,4,"fullhouse",4,1,"fullhouse",NA,"democracy",0,"ins_all","1"
"6",339,"ALB","Fatos Nano",6,0,1,0,0,0,4,4,"fullhouse",4,0,"fullhouse",NA,"democracy",0,"ins_all","1"
"7",339,"ALB","Berisha",7,0,1,0,0,0,9,9,"fullhouse",5,1,"fullhouse",NA,"democracy",0,"ins_all","1"
"8",339,"ALB","Rama",8,0,-888,-888,0,0,3,3,"fullhouse",3,0,"fullhouse",NA,"democracy",0,"ins_t_s","1"
"9",160,"ARG","Menem",11,0,1,0,0,7,12,12,"reelected",4,0,"reelected",NA,"democracy",0,"ins_all","1"
"10",160,"ARG","de la Rua",12,0,1,0,0,0,3,3,"Dopposition",3,0,"Dopposition",NA,"democracy",0,"ins_all","1"
"12",160,"ARG","Adolfo Rodriguez Saa",14,0,1,0,0,0,2,2,"Dopposition",2,0,"Dopposition",NA,"democracy",0,"ins_all","1"
"13",160,"ARG","Eduardo Duhalde",15,0,1,0,0,0,2,2,"Notfullhouse",2,0,"Notfullhouse",NA,"democracy",0,"ins_all","1"
"14",160,"ARG","Nestor Kirchner",16,0,1,0,0,0,5,5,"Notfullhouse",2,1,"Notfullhouse",NA,"democracy",0,"ins_t_s","1"
"15",160,"ARG","Fernandez de Kirchner",17,0,1,0,0,0,9,9,"fullhouse",2,0,"fullhouse",NA,"democracy",0,"s_all","0"
"16",160,"ARG","Mauricio Macri",18,0,-888,-888,0,0,1,1,"Notfullhouse",5,0,"Notfullhouse",NA,"democracy",0,"s_all","0"
"17",145,"BOL","Gonzalo Sanchez de Lozada",22,0,1,0,0,2,5,5,"Notfullhouse",4,1,"Notfullhouse",NA,"democracy",1,"ins_all","1"
"18",145,"BOL","Banzer Suarez",23,0,2.099999905,0,0,0,5,5,"Notfullhouse",5,0,"Notfullhouse",NA,"democracy",0,"ins_t_s","1"
"19",145,"BOL","Jorge Quiroga Ramirez",24,0,1,0,0,0,2,2,"Notfullhouse",2,0,"Notfullhouse",NA,"democracy",0,"s_all","0"
"20",145,"BOL","Gonzalo Sanchez de Lozada",25,0,1,0,0,0,2,2,"Notfullhouse",2,1,"Notfullhouse",NA,"democracy",1,"s_all","0"
"21",145,"BOL","Carlos Mesa",26,0,1,0,0,0,3,3,"Notfullhouse",2,1,"Notfullhouse",NA,"democracy",1,"shockt","1"
"22",145,"BOL","Enrique Rodriguez",27,0,1,0,0,2,2,2,"Notfullhouse",2,0,"Notfullhouse",NA,"democracy",0,"ins_all","1"
"23",145,"BOL","Juan Morales",28,0,-888,-888,0,0,10,10,"Notfullhouse",5,0,"Notfullhouse",NA,"democracy",0,"ins_all","1"
"24",571,"BOT","Masire",53,0,1,0,0,15,19,19,"fullhouse",4,0,"fullhouse",NA,"democracy",0,"ins_all","1"
"25",571,"BOT","Mogae",54,0,1,0,0,0,11,11,"fullhouse",8,1,"fullhouse",NA,"democracy",1,"s_all","0"
"26",571,"BOT","Ian Khama",55,0,-888,-888,0,0,8,8,"fullhouse",8,0,"fullhouse",NA,"democracy",0,"s_all","0"
"27",140,"BRA","Cardoso",56,0,1,0,0,0,9,9,"Notfullhouse",9,0,"Notfullhouse",NA,"democracy",0,"s_all","0"
"28",140,"BRA","Lula da Silva",57,0,1,0,0,0,9,9,"Notfullhouse",2,1,"Notfullhouse",NA,"democracy",1,"s_all","0"
"29",140,"BRA","Rousseff",58,0,-888,-888,0,0,5,5,"reelected",5,0,"reelected",NA,"democracy",0,"s_all","0"
"30",355,"BUL","Indzhova",59,0,1,0,0,0,2,2,"Notfullhouse",2,0,"Notfullhouse",NA,"democracy",0,"ins_all","1"
"31",355,"BUL","Videnov",60,0,1,0,0,0,3,3,"fullhouse",3,0,"fullhouse",NA,"democracy",0,"ins_all","1"
"33",355,"BUL","Kostov",62,0,1,0,0,0,5,5,"fullhouse",5,1,"fullhouse",NA,"democracy",1,"ins_all","1"
"34",355,"BUL","Saksgoburggotski",63,0,1,0,0,0,5,5,"fullhouse",5,0,"fullhouse",NA,"democracy",0,"ins_t_s","1"
"35",355,"BUL","Stanishev",64,0,1,0,0,0,5,5,"Notfullhouse",5,0,"Notfullhouse",NA,"democracy",0,"s_all","0"
"36",355,"BUL","Boyko Borisov",65,0,1,0,0,0,5,5,"Notfullhouse",5,0,"Notfullhouse",NA,"democracy",0,"s_all","0"
"37",355,"BUL","Oresharski",66,0,1,0,0,0,2,2,"Notfullhouse",2,0,"Notfullhouse",NA,"democracy",0,"s_all","0"
"39",355,"BUL","Boyko Borisov",68,0,-888,-888,0,0,2,2,"Notfullhouse",2,0,"Notfullhouse",NA,"democracy",0,"s_all","0"
"40",155,"CHL","Frei Ruiz-Tagle",69,0,1,0,0,1,7,7,"Notfullhouse",3,1,"Notfullhouse",NA,"democracy",1,"ins_t_s","1"
"41",155,"CHL","Ricardo Lagos Escobar",70,0,1,0,0,0,7,7,"Notfullhouse",1,1,"Notfullhouse",NA,"democracy",1,"s_all","0"
"42",155,"CHL","Michelle Bachelet",71,0,1,0,0,0,5,5,"fullhouse",2,1,"fullhouse",NA,"democracy",1,"s_all","0"
"43",155,"CHL","Sebastian Pi<f1>era",72,0,1,0,0,0,5,5,"Dopposition",5,0,"Dopposition",NA,"democracy",0,"s_all","0"
"44",155,"CHL","Michelle Bachelet",73,0,-888,-888,0,0,2,2,"Notfullhouse",2,0,"Notfullhouse",NA,"democracy",0,"s_all","0"
"45",100,"COL","Pizano",78,0,1,0,0,1,5,5,"Notfullhouse",4,0,"Notfullhouse",NA,"democracy",0,"s_all","0"
"46",100,"COL","Santos Calderon",81,0,-888,-888,0,0,6,6,"Notfullhouse",2,1,"Notfullhouse",NA,"democracy",1,"s_all","0"
"47",94,"COS","Figueres Olsen",87,0,1,0,0,1,5,5,"Notfullhouse",4,0,"Notfullhouse",NA,"democracy",0,"s_all","0"
"48",94,"COS","Rodriguez Echeverria",88,0,1,0,0,0,5,5,"Notfullhouse",2,1,"Notfullhouse",NA,"democracy",1,"s_all","0"
"49",94,"COS","de la Espriella",89,0,1,0,0,0,5,5,"Notfullhouse",1,1,"Notfullhouse",NA,"democracy",1,"s_all","0"
"50",94,"COS","Arias",90,0,1,0,0,0,5,5,"Notfullhouse",3,1,"Notfullhouse",NA,"democracy",1,"s_all","0"
"51",94,"COS","Laura Chinchilla Miranda",91,0,1,0,0,0,5,5,"Notfullhouse",3,1,"Notfullhouse",NA,"democracy",1,"s_all","0"
"52",94,"COS","Solis Rivera",92,0,-888,-888,0,0,2,2,"Notfullhouse",2,0,"Notfullhouse",NA,"democracy",0,"s_all","0"
"53",344,"CRO","Tudjman",93,0,2,0,0,5,10,10,"reelected",5,0,"reelected",NA,"democracy",0,"ins_all","1"
"54",344,"CRO","Pavletic",94,0,1,0,0,0,2,2,"fullhouse",2,0,"fullhouse",NA,"democracy",0,"ins_all","1"
"56",344,"CRO","Mesic",96,0,1,0,0,0,11,11,"fullhouse",1,1,"fullhouse",NA,"democracy",1,"ins_all","1"
"57",344,"CRO","Josipovic",97,0,1,0,0,0,6,6,"fullhouse",6,0,"fullhouse",NA,"democracy",0,"s_all","0"
"59",352,"CYP","Clerides",99,0,1,0,0,2,11,11,"Notfullhouse",9,0,"Notfullhouse",NA,"democracy",0,"s_all","0"
"60",352,"CYP","Tassos Nikolaou Papadopoulos",100,0,1,0,0,0,6,6,"Notfullhouse",6,0,"Notfullhouse",NA,"democracy",0,"s_all","0"
"61",352,"CYP","Dimitris Christofias",101,0,1,0,0,0,6,6,"Notfullhouse",6,0,"Notfullhouse",NA,"democracy",0,"s_all","0"
"62",352,"CYP","Anastasiades",102,0,-888,-888,0,0,3,3,"Notfullhouse",3,0,"Notfullhouse",NA,"democracy",0,"s_all","0"
"63",316,"CZR","Klaus",103,0,1,0,2,2,5,5,"Notfullhouse",4,1,"Notfullhouse",NA,"democracy",1,"ins_all","1"
"64",316,"CZR","Tosovsky",104,0,1,0,0,0,2,2,"Notfullhouse",2,0,"Notfullhouse",NA,"democracy",0,"ins_all","1"
"65",316,"CZR","Zeman",105,0,1,0,0,0,5,5,"Notfullhouse",5,0,"Notfullhouse",NA,"democracy",0,"ins_all","1"
"66",316,"CZR","Spidla",106,0,1,0,0,0,3,3,"Notfullhouse",3,0,"Notfullhouse",NA,"democracy",0,"ins_t_s","1"
"67",316,"CZR","Stanislav Gross",107,0,1,0,0,0,2,2,"Notfullhouse",2,0,"Notfullhouse",NA,"democracy",0,"s_all","0"
"68",316,"CZR","Paroubek",108,0,1,0,0,0,2,2,"Notfullhouse",2,0,"Notfullhouse",NA,"democracy",0,"s_all","0"
"69",316,"CZR","Topolanek",109,0,1,0,0,0,4,4,"Notfullhouse",4,0,"Notfullhouse",NA,"democracy",0,"s_all","0"
"70",316,"CZR","Fischer",110,0,1,0,0,0,2,2,"Notfullhouse",2,0,"Notfullhouse",NA,"democracy",0,"s_all","0"
"71",316,"CZR","Necas",111,0,1,0,0,0,4,4,NA,4,0,NA,NA,"democracy",0,"s_all","0"
"73",316,"CZR","Sobotka",113,0,-888,-888,0,0,2,2,NA,2,0,NA,NA,"democracy",0,"s_all","0"
"74",42,"DOM","Balaguer",114,0,1,0,0,9,11,11,"reelected",2,0,"reelected",NA,"democracy",0,"ins_all","1"
"75",42,"DOM","Fernandez Reyna",115,0,1,0,0,0,5,5,"Notfullhouse",2,1,"Notfullhouse",NA,"democracy",1,"ins_all","1"
"76",42,"DOM","Hipolito Mejia",116,0,1,0,0,0,5,5,"Notfullhouse",5,0,"Notfullhouse",NA,"democracy",0,"ins_all","1"
"77",42,"DOM","Fernandez Reyna",117,0,1,0,0,0,8,8,"Notfullhouse",5,1,"Notfullhouse",NA,"democracy",1,"ins_t_s","1"
"78",42,"DOM","Medina",118,0,-888,-888,0,0,4,4,"Notfullhouse",4,0,"Notfullhouse",NA,"democracy",0,"s_all","0"
"79",130,"ECU","Duran Ballen",123,0,1,0,0,3,5,5,"Notfullhouse",2,0,"Notfullhouse",NA,"democracy",0,"s_all","0"
"80",130,"ECU","Bucaram Ortiz",124,0,1,0,0,0,2,2,"Notfullhouse",2,0,"Notfullhouse",NA,"democracy",0,"s_all","0"
"83",130,"ECU","Alarcon Fabian",127,0,1,0,0,0,2,2,"Notfullhouse",2,0,"Notfullhouse",NA,"democracy",0,"s_all","0"
"84",130,"ECU","Mahuad",128,0,3,2,0,0,3,3,"Notfullhouse",3,0,"Notfullhouse",NA,"democracy",0,"shockt","1"
"85",130,"ECU","Lucio Gutierrez",130,0,1,0,0,0,3,3,"Notfullhouse",2,1,"Notfullhouse",NA,"democracy",1,"ins_all","1"
"86",130,"ECU","Alfredo Palacio",131,0,1,0,0,0,3,3,"Notfullhouse",3,0,"Notfullhouse",NA,"democracy",0,"ins_all","1"
"87",130,"ECU","Rafael Correa",132,0,-888,-888,0,0,9,9,"Notfullhouse",6,1,"Notfullhouse",NA,"democracy",1,"ins_all","1"
"88",366,"EST","Tarand",138,0,1,0,0,1,2,2,"fullhouse",2,1,"fullhouse",NA,"democracy",1,"ins_all","1"
"89",366,"EST","Vahi",139,0,1,0,0,0,3,3,"fullhouse",3,0,"fullhouse",NA,"democracy",0,"ins_all","1"
"90",366,"EST","Siimann",140,0,1,0,0,0,3,3,"fullhouse",3,0,"fullhouse",NA,"democracy",0,"ins_all","1"
"91",366,"EST","Laar",141,0,1,0,0,0,4,4,"fullhouse",4,0,"fullhouse",NA,"democracy",0,"ins_all","1"
"92",366,"EST","Kallas",142,0,1,0,0,0,2,2,"Notfullhouse",2,0,"Notfullhouse",NA,"democracy",0,"ins_all","1"
"93",366,"EST","Parts",143,0,1,0,0,0,3,3,"Notfullhouse",3,0,"Notfullhouse",NA,"democracy",0,"ins_all","1"
"94",366,"EST","Ansip",144,0,1,0,0,0,10,10,"Notfullhouse",10,0,"Notfullhouse",NA,"democracy",0,"ins_t_s","1"
"95",366,"EST","Roivas",145,0,-888,-888,0,0,2,2,"Notfullhouse",2,0,"Notfullhouse",NA,"democracy",0,"s_all","0"
"96",372,"GRG","Saakashvili",148,0,3,2,1,0,1,10,"fullhouse",9,1,"fullhouse",NA,"democracy",1,"ins_all","1"
"97",372,"GRG","Margvelashvili",149,0,-888,-888,0,0,3,3,"fullhouse",3,0,"fullhouse",NA,"democracy",0,"ins_all","1"
"98",90,"GUA","Leon Carpio",150,1,1,0,0,2,4,4,"Notfullhouse",2,0,"Notfullhouse",NA,"democracy",0,"ins_all","1"
"99",90,"GUA","Arzu Yrigoyen",151,0,1,0,0,0,5,5,"fullhouse",5,0,"fullhouse",NA,"democracy",0,"ins_all","1"
"100",90,"GUA","Alfonso Portillo Cabrera",152,0,1,0,0,0,5,5,"fullhouse",5,0,"fullhouse",NA,"democracy",0,"ins_all","1"
"101",90,"GUA","Berger Perdomo",153,0,1,0,0,0,5,5,"Notfullhouse",1,1,"Notfullhouse",NA,"democracy",1,"ins_t_s","1"
"102",90,"GUA","Colom Caballeros",154,0,1,0,0,0,5,5,"Notfullhouse",5,0,"Notfullhouse",NA,"democracy",0,"s_all","0"
"103",90,"GUA","Perez Molina",155,0,-888,-888,0,0,4,4,"Notfullhouse",1,1,"Notfullhouse",NA,"democracy",1,"s_all","0"
"104",110,"GUY","Jagan Cheddi",156,0,2,0,2,0,3,6,"fullhouse",3,0,"fullhouse",NA,"democracy",0,"ins_all","1"
"106",110,"GUY","Janet Jagan",158,0,2.099999905,0,0,0,3,3,"fullhouse",3,0,"fullhouse",NA,"democracy",0,"ins_all","1"
"107",110,"GUY","Bharrat Jagdeo",159,0,1,0,0,0,13,13,"fullhouse",10,1,"fullhouse",NA,"democracy",1,"ins_t_s","1"
"108",110,"GUY","Ramotar",160,0,1,0,0,0,5,5,"fullhouse",5,0,"fullhouse",NA,"democracy",0,"s_all","0"
"109",91,"HON","Reina",161,0,1,0,0,0,4,4,"fullhouse",4,0,"fullhouse",NA,"democracy",0,"s_all","0"
"110",91,"HON","Flores Facusse",162,0,1,0,0,0,5,5,"fullhouse",5,0,"fullhouse",NA,"democracy",0,"ins_all","1"
"111",91,"HON","Ricardo Maduro",163,0,1,0,0,0,5,5,"Notfullhouse",5,0,"Notfullhouse",NA,"democracy",0,"ins_all","1"
"112",91,"HON","Zelaya",164,0,3,6,0,0,4,4,"Notfullhouse",4,0,"Notfullhouse",NA,"democracy",0,"ins_all","1"
"113",91,"HON","Micheletti",165,1,1,0,0,0,2,2,"Notfullhouse",2,0,"Notfullhouse",NA,"democracy",0,"ins_all","1"
"114",91,"HON","Lobo",166,0,1,0,0,0,5,5,"fullhouse",3,1,"fullhouse",NA,"democracy",1,"ins_all","1"
"115",91,"HON","Hern<e1>ndez",167,0,-888,-888,0,0,2,2,"fullhouse",2,0,"fullhouse",NA,"democracy",0,"ins_all","1"
"116",310,"HUN","Horn",168,0,1,0,0,1,5,5,"Notfullhouse",4,0,"Notfullhouse",NA,"democracy",0,"ins_all","1"
"117",310,"HUN","Orban",169,0,1,0,0,0,5,5,"Notfullhouse",5,0,"Notfullhouse",NA,"democracy",0,"ins_t_s","1"
"118",310,"HUN","Peter Medgyessy",170,0,1,0,0,0,3,3,"Notfullhouse",3,0,"Notfullhouse",NA,"democracy",0,"s_all","0"
"119",310,"HUN","Ferenc Gyurcsany",171,0,1,0,0,0,6,6,"Notfullhouse",6,0,"Notfullhouse",NA,"democracy",0,"s_all","0"
"120",310,"HUN","Bajnai",172,0,1,0,0,0,2,2,"Notfullhouse",2,0,"Notfullhouse",NA,"democracy",0,"s_all","0"
"121",310,"HUN","Orban",173,0,-888,-888,0,0,0,6,"Notfullhouse",6,0,"Notfullhouse",NA,"democracy",0,"s_all","0"
"122",750,"IND","Rao",174,0,1,0,0,4,6,6,"Notfullhouse",2,0,"Notfullhouse",NA,"democracy",0,"ins_all","1"
"125",750,"IND","Gujral",177,0,1,0,0,0,2,2,"Notfullhouse",2,0,"Notfullhouse",NA,"democracy",0,"ins_all","1"
"126",750,"IND","Vajpayee",178,0,1,0,0,0,7,7,"Notfullhouse",6,1,"Notfullhouse",NA,"democracy",1,"ins_t_s","1"
"127",750,"IND","Manmohan Singh",179,0,1,0,0,0,11,11,"Notfullhouse",1,1,"Notfullhouse",NA,"democracy",1,"s_all","0"
"128",750,"IND","Narendra Modi",180,0,-888,-888,0,0,2,2,"Notfullhouse",1,1,"Notfullhouse",NA,"democracy",1,"s_all","0"
"129",850,"INS","Wahid",183,0,1,0,2,1,3,3,"Notfullhouse",2,0,"Notfullhouse",NA,"democracy",0,"ins_all","1"
"130",850,"INS","Megawati Sukarnoputri",184,0,1,0,0,0,4,4,"Notfullhouse",4,0,"Notfullhouse",NA,"democracy",0,"ins_all","1"
"131",850,"INS","Bambang Yudhoyono",185,0,1,0,0,0,0,11,"Notfullhouse",2,1,"Notfullhouse",NA,"democracy",1,"ins_t_s","1"
"132",850,"INS","Joko Widodo",186,0,-888,-888,0,0,2,2,"fullhouse",2,0,"fullhouse",NA,"democracy",0,"s_all","0"
"133",51,"JAM","Patterson",187,0,1,0,0,3,15,15,"fullhouse",12,0,"fullhouse",NA,"democracy",0,"s_all","0"
"134",51,"JAM","Simpson-Miller",188,0,1,0,0,0,2,2,"fullhouse",2,0,"fullhouse",NA,"democracy",0,"s_all","0"
"136",51,"JAM","Holness",190,0,1,0,0,0,5,5,"fullhouse",1,1,"fullhouse",NA,"democracy",1,"s_all","0"
"137",51,"JAM","Simpson-Miller",191,0,-888,-888,0,0,4,4,"fullhouse",4,0,"fullhouse",NA,"democracy",0,"s_all","0"
"138",367,"LAT","Gailis",197,0,1,0,0,1,2,2,"Notfullhouse",1,1,"Notfullhouse",NA,"democracy",1,"ins_all","1"
"139",367,"LAT","Skele",198,0,1,0,0,0,3,3,"Notfullhouse",3,0,"Notfullhouse",NA,"democracy",0,"ins_all","1"
"140",367,"LAT","Krasts",199,0,1,0,0,0,2,2,"Notfullhouse",2,0,"Notfullhouse",NA,"democracy",0,"ins_all","1"
"141",367,"LAT","Kristopans",200,0,1,0,0,0,2,2,"Notfullhouse",2,0,"Notfullhouse",NA,"democracy",0,"ins_all","1"
"142",367,"LAT","Skele",201,0,1,0,0,0,2,2,"Notfullhouse",2,0,"Notfullhouse",NA,"democracy",0,"ins_all","1"
"143",367,"LAT","Berzins",202,0,1,0,0,0,3,3,"Notfullhouse",3,0,"Notfullhouse",NA,"democracy",0,"ins_t_s","1"
"144",367,"LAT","Repse",203,0,1,0,0,0,3,3,"Notfullhouse",3,0,"Notfullhouse",NA,"democracy",0,"s_all","0"
"146",367,"LAT","Aigars Kalvitis",205,0,1,0,0,0,4,4,"Notfullhouse",4,0,"Notfullhouse",NA,"democracy",0,"s_all","0"
"147",367,"LAT","Godmanis",206,0,1,0,0,0,3,3,"Notfullhouse",3,0,"Notfullhouse",NA,"democracy",0,"s_all","0"
"148",367,"LAT","Dombrovskis",207,0,1,0,0,0,6,6,"Notfullhouse",6,0,"Notfullhouse",NA,"democracy",0,"s_all","0"
"150",660,"LEB","Emile Lahoud",210,0,1,0,0,7,10,10,"Notfullhouse",3,0,"Notfullhouse",NA,"democracy",0,"ins_all","1"
"151",660,"LEB","Siniora",211,0,3,6,0,0,2,2,"Notfullhouse",2,0,"Notfullhouse",NA,"democracy",0,"ins_all","1"
"152",660,"LEB","Suleiman",212,0,1,0,0,0,7,7,"Notfullhouse",7,0,"Notfullhouse",NA,"democracy",0,"ins_all","1"
"153",660,"LEB","Salam",213,0,-888,-888,0,0,2,2,"Notfullhouse",2,0,"Notfullhouse",NA,"democracy",0,"ins_all","1"
"154",570,"LES","Mokhehle",214,1,1,0,0,0,5,5,"Notfullhouse",5,0,"Notfullhouse",NA,"democracy",0,"ins_all","1"
"155",570,"LES","Mosisili",215,0,1,0,0,0,15,15,"Notfullhouse",8,1,"Notfullhouse",NA,"democracy",1,"ins_all","1"
"156",570,"LES","Thabane",216,0,1,0,0,0,4,4,"fullhouse",4,0,"fullhouse",NA,"democracy",0,"ins_all","1"
"158",368,"LIT","Brazauskas",218,0,1,0,0,3,7,7,"fullhouse",4,0,"fullhouse",NA,"democracy",0,"ins_all","1"
"159",368,"LIT","Adamkus",219,0,1,0,0,0,6,6,"Notfullhouse",6,0,"Notfullhouse",NA,"democracy",0,"ins_t_s","1"
"160",368,"LIT","Paksas",220,0,1,0,0,0,2,2,"Notfullhouse",2,0,"Notfullhouse",NA,"democracy",0,"shockt","1"
"162",368,"LIT","Adamkus",222,0,1,0,0,0,6,6,"Notfullhouse",6,0,"Notfullhouse",NA,"democracy",0,"ins_all","1"
"163",368,"LIT","Grybauskaite",223,0,-888,-888,0,0,7,7,"Notfullhouse",7,0,"Notfullhouse",NA,"democracy",0,"ins_all","1"
"164",343,"MAC","Crvenkovski",224,0,1,0,0,3,7,7,"fullhouse",4,0,"fullhouse",NA,"democracy",0,"ins_all","1"
"165",343,"MAC","Georgievski",225,0,1,0,0,0,5,5,"Notfullhouse",3,1,"Notfullhouse",NA,"democracy",1,"ins_t_s","1"
"166",343,"MAC","Crvenkovski",226,0,1,0,0,0,3,3,"Notfullhouse",3,0,"Notfullhouse",NA,"democracy",0,"ins_all","1"
"170",343,"MAC","Vlado Buckovski",230,0,1,0,0,0,3,3,"fullhouse",3,0,"fullhouse",NA,"democracy",0,"ins_all","1"
"171",343,"MAC","Gruevski",231,0,-888,-888,0,0,10,10,"Notfullhouse",10,0,"Notfullhouse",NA,"democracy",0,"ins_t_s","1"
"172",70,"MEX","Vicente Fox Quesada",236,0,1,0,2,0,7,7,"Notfullhouse",1,1,"Notfullhouse",NA,"democracy",1,"ins_all","1"
"173",70,"MEX","Calderon",237,0,1,0,0,0,7,7,"Notfullhouse",7,0,"Notfullhouse",NA,"democracy",0,"s_all","0"
"174",70,"MEX","Enrique Pena Nieto",238,0,-888,-888,0,0,4,4,"fullhouse",4,0,"fullhouse",NA,"democracy",0,"s_all","0"
"175",359,"MLD","Snegur",239,0,1,0,0,5,8,8,"fullhouse",3,0,"fullhouse",NA,"democracy",0,"ins_all","1"
"176",359,"MLD","Lucinschi",240,0,1,0,0,0,5,5,"Notfullhouse",5,0,"Notfullhouse",NA,"democracy",0,"ins_t_s","1"
"177",359,"MLD","Tarlev",241,0,1,0,0,0,7,8,"fullhouse",7,0,"fullhouse",NA,"democracy",0,"shockt","1"
"178",359,"MLD","Greceanii",242,0,1,0,0,0,2,2,"fullhouse",2,0,"fullhouse",NA,"democracy",0,"ins_all","1"
"180",359,"MLD","Vlad Filat",244,0,1,0,0,0,5,5,"Notfullhouse",5,0,"Notfullhouse",NA,"democracy",0,"ins_all","1"
"181",359,"MLD","Iurie Leanca",245,0,1,0,0,0,3,3,"Notfullhouse",2,1,"Notfullhouse",NA,"democracy",1,"ins_all","1"
"185",712,"MON","Bagabandi",250,0,1,0,0,0,9,9,"Notfullhouse",9,0,"Notfullhouse",NA,"democracy",0,"ins_t_s","1"
"186",712,"MON","Enkhbayar",251,0,1,0,0,0,5,5,"Notfullhouse",5,0,"Notfullhouse",NA,"democracy",0,"s_all","0"
"187",712,"MON","Elbegdorj",252,0,-888,-888,0,0,7,7,"Notfullhouse",7,1,"Notfullhouse",NA,"democracy",1,"s_all","0"
"189",790,"NEP","Sher Bahadur Deuba",259,0,1,0,0,0,3,3,"Notfullhouse",3,0,"Notfullhouse",NA,"democracy",0,"ins_all","1"
"191",790,"NEP","Surya  Bahadur Thapa",261,0,1,0,0,0,2,2,"Notfullhouse",2,0,"Notfullhouse",NA,"democracy",0,"ins_all","1"
"192",790,"NEP","Girija Prasad Koirala",262,0,1,0,0,0,2,2,"fullhouse",2,0,"fullhouse",NA,"democracy",0,"ins_all","1"
"193",790,"NEP","Krishna Prasad Bhatterai",263,0,1,0,0,0,2,2,"fullhouse",2,0,"fullhouse",NA,"democracy",0,"ins_all","1"
"194",790,"NEP","Girija Prasad Koirala",264,0,1,0,0,0,3,3,"fullhouse",1,1,"fullhouse",NA,"democracy",1,"ins_all","1"
"195",790,"NEP","Prachanda",271,0,1,0,0,0,2,2,"Notfullhouse",2,0,"Notfullhouse",NA,"democracy",0,"ins_all","1"
"196",790,"NEP","Madhav Kumar Nepal",272,0,1,0,0,0,3,3,"Notfullhouse",3,0,"Notfullhouse",NA,"democracy",0,"ins_all","1"
"198",790,"NEP","Bhattarai",274,0,1,0,0,0,3,3,"Notfullhouse",3,0,"Notfullhouse",NA,"democracy",0,"ins_all","1"
"199",790,"NEP","Khil Raj Regmi",275,0,1,0,0,0,2,2,"Notfullhouse",2,0,"Notfullhouse",NA,"democracy",0,"ins_all","1"
"200",790,"NEP","Sushil Koirala",276,0,1,0,0,0,2,2,"Notfullhouse",2,0,"Notfullhouse",NA,"democracy",0,"ins_all","1"
"202",93,"NIC","Violeta Chamorro",278,0,1,0,2,5,8,8,"Notfullhouse",3,0,"Notfullhouse",NA,"democracy",0,"ins_all","1"
"203",93,"NIC","Aleman",279,0,1,0,0,0,6,6,"Notfullhouse",6,0,"Notfullhouse",NA,"democracy",0,"ins_t_s","1"
"204",93,"NIC","Enrique Bolanos",280,0,1,0,0,0,6,6,"fullhouse",3,1,"fullhouse",NA,"democracy",1,"s_all","0"
"205",93,"NIC","Daniel Ortega",281,0,-888,-888,0,0,9,9,"fullhouse",6,1,"fullhouse",NA,"democracy",1,"shockt","1"
"206",95,"PAN","Balladares",283,0,1,0,0,1,6,6,"Notfullhouse",5,0,"Notfullhouse",NA,"democracy",0,"ins_all","1"
"207",95,"PAN","Mireya Moscoso",284,0,1,0,0,0,6,6,"Dopposition",2,1,"Dopposition",NA,"democracy",1,"ins_all","1"
"209",95,"PAN","Martinelli",286,0,1,0,0,0,10,10,"Notfullhouse",8,1,"Notfullhouse",NA,"democracy",1,"ins_t_s","1"
"210",95,"PAN","Varela Rodriguez",287,0,-888,-888,0,0,2,2,"Notfullhouse",1,1,"Notfullhouse",NA,"democracy",1,"s_all","0"
"211",150,"PAR","Fernando Lugo",293,0,1,0,2,0,5,5,"Notfullhouse",5,0,"Notfullhouse",NA,"democracy",0,"ins_all","1"
"212",150,"PAR","Federico Franco",294,0,1,0,0,0,2,2,"Notfullhouse",2,0,"Notfullhouse",NA,"democracy",0,"ins_all","1"
"213",150,"PAR","Horacio Cartes",295,0,-888,-888,0,0,3,3,"fullhouse",3,0,"fullhouse",NA,"democracy",0,"ins_all","1"
"214",135,"PER","Alejandro Toledo",298,0,1,0,2,1,6,6,"Notfullhouse",3,1,"Notfullhouse",NA,"democracy",1,"ins_all","1"
"215",135,"PER","Garcia Perez",299,0,1,0,0,0,6,6,"Notfullhouse",1,1,"Notfullhouse",NA,"democracy",1,"ins_t_s","1"
"216",135,"PER","Ollanta Humala",300,0,-888,-888,0,0,5,5,"Notfullhouse",5,0,"Notfullhouse",NA,"democracy",0,"s_all","0"
"217",840,"PHI","Ramos",301,0,1,0,0,3,7,7,"fullhouse",4,0,"fullhouse",NA,"democracy",0,"ins_all","1"
"218",840,"PHI","Estrada",302,0,1,0,0,0,4,4,"Notfullhouse",4,0,"Notfullhouse",NA,"democracy",0,"ins_all","1"
"219",840,"PHI","Gloria Macapagal-Arroyo",303,0,1,0,0,0,10,10,"Notfullhouse",2,1,"Notfullhouse",NA,"democracy",1,"ins_all","1"
"220",840,"PHI","Benigno Aquino III",304,0,-888,-888,0,0,6,6,"Notfullhouse",6,1,"Notfullhouse",NA,"democracy",1,"ins_all","1"
"222",290,"POL","Kwasniewski",306,0,1,0,0,0,11,11,"fullhouse",11,0,"fullhouse",NA,"democracy",0,"ins_t_s","1"
"223",290,"POL","Kaczynski",307,0,2,0,0,0,6,6,"Notfullhouse",6,0,"Notfullhouse",NA,"democracy",0,"s_all","0"
"227",290,"POL","Komorowski",311,0,1,0,0,0,6,6,"Notfullhouse",6,0,"Notfullhouse",NA,"democracy",0,"s_all","0"
"228",235,"POR","Soares",312,0,1,0,0,9,11,11,"Notfullhouse",2,0,"Notfullhouse",NA,"democracy",0,"s_all","0"
"229",235,"POR","Sampaio",313,0,1,0,0,0,11,11,"Notfullhouse",11,0,"Notfullhouse",NA,"democracy",0,"s_all","0"
"230",235,"POR","Cavaco Silva",315,0,-888,-888,0,0,10,10,"fullhouse",10,0,"fullhouse",NA,"democracy",0,"s_all","0"
"231",360,"RUM","Vacariou",319,0,1,0,0,3,5,5,"Notfullhouse",2,0,"Notfullhouse",NA,"democracy",0,"ins_all","1"
"232",360,"RUM","Ciorbea",320,0,1,0,0,0,3,3,"Notfullhouse",3,0,"Notfullhouse",NA,"democracy",0,"ins_all","1"
"234",360,"RUM","Vasile",322,0,1,0,0,0,2,2,"Notfullhouse",2,0,"Notfullhouse",NA,"democracy",0,"ins_all","1"
"236",360,"RUM","Isarescu",324,0,1,0,0,0,2,2,"Notfullhouse",2,0,"Notfullhouse",NA,"democracy",0,"ins_all","1"
"237",360,"RUM","A. Nastase",325,0,1,0,0,0,5,5,"Notfullhouse",2,1,"Notfullhouse",NA,"democracy",1,"ins_all","1"
"239",360,"RUM","Traian Basescu",327,0,1,0,0,0,4,4,"Notfullhouse",4,0,"Notfullhouse",NA,"democracy",0,"ins_t_s","1"
"241",360,"RUM","Traian Basescu",329,0,1,0,0,0,6,6,"Notfullhouse",6,0,"Notfullhouse",NA,"democracy",0,"s_all","0"
"243",360,"RUM","Traian Basescu",331,0,-888,-888,0,0,3,3,"Notfullhouse",3,0,"Notfullhouse",NA,"democracy",0,"s_all","0"
"244",365,"RUS","Yeltsin",332,0,1,0,2,4,9,9,"Notfullhouse",5,0,"Notfullhouse",NA,"democracy",0,"ins_all","1"
"245",317,"SLO","Meciar",337,0,1,0,0,1,5,5,"fullhouse",3,1,"fullhouse",NA,"democracy",1,"ins_all","1"
"246",317,"SLO","Dzurinda",338,0,1,0,0,0,9,9,"Notfullhouse",9,0,"Notfullhouse",NA,"democracy",0,"ins_t_s","1"
"247",317,"SLO","Fico",339,0,1,0,0,0,5,5,"Notfullhouse",5,0,"Notfullhouse",NA,"democracy",0,"s_all","0"
"248",317,"SLO","Radicova",340,0,1,0,0,0,3,3,"Notfullhouse",3,0,"Notfullhouse",NA,"democracy",0,"s_all","0"
"249",317,"SLO","Fico",341,0,-888,-888,0,0,4,4,"Notfullhouse",4,0,"Notfullhouse",NA,"democracy",0,"s_all","0"
"250",349,"SLV","Drnovsek",342,0,1,0,0,3,9,9,"Notfullhouse",4,1,"Notfullhouse",NA,"democracy",1,"ins_all","1"
"252",349,"SLV","Drnovsek",344,0,1,0,0,0,3,3,"reelected",3,0,"reelected",NA,"democracy",0,"s_all","0"
"253",349,"SLV","Anton Rop",345,0,1,0,0,0,3,3,"Notfullhouse",3,0,"Notfullhouse",NA,"democracy",0,"s_all","0"
"254",349,"SLV","Janez Jansa",346,0,1,0,0,0,5,5,"Notfullhouse",5,0,"Notfullhouse",NA,"democracy",0,"s_all","0"
"255",349,"SLV","Borut Pahor",347,0,1,0,0,0,5,5,"Notfullhouse",5,0,"Notfullhouse",NA,"democracy",0,"s_all","0"
"256",349,"SLV","Janez Jansa",348,0,1,0,0,0,2,2,"Notfullhouse",2,0,"Notfullhouse",NA,"democracy",0,"s_all","0"
"257",349,"SLV","Bratusek",349,0,1,0,0,0,2,2,"Notfullhouse",2,0,"Notfullhouse",NA,"democracy",0,"s_all","0"
"258",349,"SLV","Cerar",350,0,-888,-888,0,0,2,2,"Notfullhouse",2,0,"Notfullhouse",NA,"democracy",0,"s_all","0"
"259",560,"SAF","Mandela",351,0,1,0,2,1,6,6,"fullhouse",2,1,"fullhouse",NA,"democracy",1,"ins_all","1"
"260",560,"SAF","Mbeki",352,0,1,0,0,0,10,10,"fullhouse",7,1,"fullhouse",NA,"democracy",1,"ins_t_s","1"
"261",560,"SAF","Motlanthe",353,0,1,0,0,0,2,2,"fullhouse",2,0,"fullhouse",NA,"democracy",0,"ins_all","1"
"262",560,"SAF","Zuma",354,0,-888,-888,0,0,4,7,"fullhouse",7,0,"fullhouse",NA,"democracy",0,"shockt","1"
"263",92,"SAL","Calderon Sol",355,0,1,0,0,1,6,6,"Notfullhouse",5,0,"Notfullhouse",NA,"democracy",0,"s_all","0"
"264",92,"SAL","Flores",356,0,1,0,0,0,6,6,"Notfullhouse",6,0,"Notfullhouse",NA,"democracy",0,"s_all","0"
"265",92,"SAL","Saca González",357,0,1,0,0,0,6,6,"Notfullhouse",3,1,"Notfullhouse",NA,"democracy",1,"s_all","0"
"266",92,"SAL","Funes",358,0,1,0,0,0,6,6,"Notfullhouse",4,1,"Notfullhouse",NA,"democracy",1,"s_all","0"
"267",92,"SAL","Sanchez Ceren",359,0,-888,-888,0,0,2,2,"Notfullhouse",2,1,"Notfullhouse",NA,"democracy",1,"s_all","0"
"268",317,"SLO","Meciar",360,0,1,0,0,1,5,5,"fullhouse",3,1,"fullhouse",NA,"democracy",1,"ins_all","1"
"269",317,"SLO","Dzurinda",361,0,1,0,0,0,9,9,"Notfullhouse",9,0,"Notfullhouse",NA,"democracy",0,"ins_t_s","1"
"270",317,"SLO","Fico",362,0,1,0,0,0,5,5,"Notfullhouse",5,0,"Notfullhouse",NA,"democracy",0,"s_all","0"
"271",317,"SLO","Radicova",363,0,1,0,0,0,3,3,"Notfullhouse",3,0,"Notfullhouse",NA,"democracy",0,"s_all","0"
"272",317,"SLO","Fico",364,0,-888,-888,0,0,4,4,"Notfullhouse",4,0,"Notfullhouse",NA,"democracy",0,"s_all","0"
"274",800,"THI","Silpa-Archa",369,0,1,0,0,0,2,2,"Notfullhouse",2,0,"Notfullhouse",NA,"democracy",0,"ins_all","1"
"275",800,"THI","Chavalit Yongchaiyudh",370,0,1,0,0,0,2,2,"Notfullhouse",2,0,"Notfullhouse",NA,"democracy",0,"ins_all","1"
"276",800,"THI","Leekpai",371,0,1,0,0,0,4,4,"Notfullhouse",4,0,"Notfullhouse",NA,"democracy",0,"ins_all","1"
"277",800,"THI","Thaksin Shinawatra",372,0,3,6,0,0,6,6,"Notfullhouse",2,1,"Notfullhouse",NA,"democracy",1,"ins_all","1"
"278",800,"THI","Chulanont",373,0,1,0,0,0,3,3,"Notfullhouse",3,0,"Notfullhouse",NA,"democracy",0,"ins_all","1"
"282",800,"THI","Vejjajiva",377,0,1,0,0,0,4,4,"Notfullhouse",4,0,"Notfullhouse",NA,"democracy",0,"ins_all","1"
"283",800,"THI","Yingluck Shinawatra",378,0,1,0,0,0,4,4,"Notfullhouse",4,0,"Notfullhouse",NA,"democracy",0,"ins_all","1"
"285",800,"THI","Prayuth Chan-ocha",380,1,-888,-888,0,0,2,2,"Notfullhouse",2,0,"Notfullhouse",NA,"democracy",0,"ins_all","1"
"287",52,"TRI","Panday",382,0,1,0,0,0,7,7,"Notfullhouse",7,0,"Notfullhouse",NA,"democracy",0,"ins_all","1"
"288",52,"TRI","Manning",383,0,1,0,0,0,10,10,"Notfullhouse",8,1,"Notfullhouse",NA,"democracy",1,"ins_t_s","1"
"289",52,"TRI","Kamla Persad-Bissessar",384,0,1,0,0,0,6,6,"Notfullhouse",6,0,"Notfullhouse",NA,"democracy",0,"s_all","0"
"290",640,"TUR","Ciller",390,0,1,0,0,2,4,4,"Notfullhouse",1,1,"Notfullhouse",NA,"democracy",1,"ins_all","1"
"292",640,"TUR","Erbakan",392,0,3,6,0,0,2,2,"Notfullhouse",2,0,"Notfullhouse",NA,"democracy",0,"ins_all","1"
"293",640,"TUR","Yilmaz",393,1,1,0,0,0,3,3,"Notfullhouse",3,0,"Notfullhouse",NA,"democracy",0,"ins_all","1"
"294",640,"TUR","Ecevit",394,0,1,0,0,0,4,4,"Notfullhouse",4,0,"Notfullhouse",NA,"democracy",0,"ins_all","1"
"295",640,"TUR","Abdullah Gul",395,0,1,0,0,0,2,2,"Notfullhouse",2,0,"Notfullhouse",NA,"democracy",0,"ins_all","1"
"296",640,"TUR","Erdogan",396,0,-888,-888,0,0,13,13,"fullhouse",6,1,"fullhouse",NA,"democracy",1,"ins_all","1"
"297",369,"UKR","Kuchma",397,0,1,0,0,1,12,12,"Notfullhouse",11,0,"Notfullhouse",NA,"democracy",0,"ins_t_s","1"
"298",369,"UKR","Yushchenko",398,0,1,0,0,0,6,6,"Notfullhouse",3,1,"Notfullhouse",NA,"democracy",1,"ins_all","1"
"299",369,"UKR","Yanukovych",399,0,1,0,0,0,5,5,"Notfullhouse",1,1,"Notfullhouse",NA,"democracy",1,"ins_all","1"
"301",369,"UKR","Petro Poroshenko",401,0,-888,-888,0,0,2,2,"Notfullhouse",2,0,"Notfullhouse",NA,"democracy",0,"ins_all","1"
"303",165,"URU","Sanguinetti",405,0,1,0,0,0,6,6,"Notfullhouse",6,0,"Notfullhouse",NA,"democracy",0,"s_all","0"
"304",165,"URU","Jorge Batlle",406,0,1,0,0,0,6,6,"Notfullhouse",5,1,"Notfullhouse",NA,"democracy",1,"s_all","0"
"305",165,"URU","Tabare Vazquez",407,0,1,0,0,0,6,6,"Notfullhouse",2,1,"Notfullhouse",NA,"democracy",1,"s_all","0"
"306",165,"URU","Jose Mujica",408,0,1,0,0,0,6,6,"Notfullhouse",6,0,"Notfullhouse",NA,"democracy",0,"s_all","0"
"308",101,"VEN","Caldera Rodriguez",410,0,1,0,0,0,6,6,"Notfullhouse",6,0,"Notfullhouse",NA,"democracy",0,"ins_all","1"
"309",101,"VEN","Hugo Chavez",411,0,2,0,0,0,4,14,"Notfullhouse",4,0,"Notfullhouse",NA,"democracy",0,"ins_all","1"
"310",101,"VEN","Hugo Chavez",411,0,2,0,0,4,7,14,"fullhouse",6,1,"fullhouse",NA,"democracy",1,"ins_all","1"
"311",101,"VEN","Hugo Chavez",411,0,2,0,0,7,14,14,"fullhouse",1,1,"fullhouse",NA,"democracy",1,"ins_all","1"
"312",101,"VEN","Maduro",412,0,-888,-888,0,0,4,4,"fullhouse",4,0,"fullhouse",NA,"democracy",0,"ins_all","1"
"123",615,"ALG","Zeroual",9,0,1,0,1,1,1,6,"regime",3,1,NA,"1","dictatorship",0,"s_t_i","1"
"313",692,"BAH","Isa Ibn Al-Khalifah",19,0,2,0,1,24,29,29,"independent",29,0,NA,"0","dictatorship",0,"i_t_s","0"
"5",370,"BLR","Lukashenko",21,0,-888,-888,3,1,5,22,"regime",22,0,NA,"1","dictatorship",1,"shock_t","1"
"610",346,"BOS","Izetbegovic",29,0,2.1,0,4,5,9,9,"noauthority",9,0,NA,"0","noauthority",0,"ins_all","0"
"72",346,"BOS","Radisic",30,0,1,0,4,0,2,2,"noauthority",2,0,NA,"0","noauthority",0,"ins_all","0"
"810",346,"BOS","Jelavic",31,0,1,0,4,0,2,2,"noauthority",2,0,NA,"0","noauthority",0,"ins_all","0"
"910",346,"BOS","Izetbegovic",32,0,2.1,0,4,0,1,1,"noauthority",1,0,NA,"0","noauthority",0,"ins_all","0"
"105",346,"BOS","Radisic",33,0,1,0,4,0,2,2,"noauthority",2,0,NA,"0","noauthority",0,"ins_all","0"
"11",346,"BOS","Krizanovic",34,0,1,0,4,0,2,2,"noauthority",2,0,NA,"0","noauthority",0,"ins_all","0"
"124",346,"BOS","Belkic",35,0,1,0,4,0,1,1,"noauthority",1,0,NA,"0","noauthority",0,"ins_all","0"
"135",346,"BOS","Sarovic",36,0,1,0,4,0,2,2,"noauthority",2,0,NA,"0","noauthority",0,"ins_all","0"
"145",346,"BOS","Borislav Paravac",37,0,1,0,4,0,1,1,"noauthority",1,0,NA,"0","noauthority",0,"ins_all","0"
"157",346,"BOS","Dragan Covic",38,0,1,0,4,0,2,2,"noauthority",2,0,NA,"0","noauthority",0,"ins_all","0"
"161",346,"BOS","Sulejman Tihic",39,0,1,0,4,0,1,1,"noauthority",1,0,NA,"0","noauthority",0,"ins_all","0"
"179",346,"BOS","Borislav Paravac",40,0,1,0,4,0,2,2,"noauthority",2,0,NA,"0","noauthority",0,"ins_all","0"
"182",346,"BOS","Miro Jovic",41,0,1,0,4,0,2,2,"noauthority",2,0,NA,"0","noauthority",0,"ins_all","0"
"197",346,"BOS","Sulejman Tihic",42,0,1,0,4,0,1,1,"noauthority",1,0,NA,"0","noauthority",0,"ins_all","0"
"201",346,"BOS","Radmanovic",43,0,1,0,4,0,2,2,"noauthority",2,0,NA,"0","noauthority",0,"ins_all","0"
"2110",346,"BOS","Zeljko Komsic",44,0,1,0,4,0,2,2,"noauthority",2,0,NA,"0","noauthority",0,"ins_all","0"
"221",346,"BOS","Silajdzic",45,0,1,0,4,0,1,1,"noauthority",1,0,NA,"0","noauthority",0,"ins_all","0"
"233",346,"BOS","Radmanovic",46,0,1,0,4,0,2,2,"noauthority",2,0,NA,"0","noauthority",0,"ins_all","0"
"242",346,"BOS","Zeljko Komsic",47,0,1,0,4,0,2,2,"noauthority",2,0,NA,"0","noauthority",0,"ins_all","0"
"251",346,"BOS","Silajdzic",48,0,1,0,4,0,1,1,"noauthority",1,0,NA,"0","noauthority",0,"ins_all","0"
"2610",346,"BOS","Radmanovic",49,0,1,0,4,0,2,2,"noauthority",2,0,NA,"0","noauthority",0,"ins_all","0"
"273",346,"BOS","Zeljko Komsic",50,0,1,0,4,0,4,4,"noauthority",4,0,NA,"0","noauthority",0,"ins_all","0"
"281",346,"BOS","Ivanic",51,0,1,0,4,0,2,2,"noauthority",2,0,NA,"0","noauthority",0,"ins_all","0"
"291",346,"BOS","Dragan Covic",52,0,-888,-888,4,0,1,1,"noauthority",1,0,NA,"0","noauthority",0,"ins_all","0"
"302",710,"CHN","Deng Xiaoping",74,0,2,0,1,15,18,18,"regime",18,0,NA,"1","dictatorship",0,"s_all","0"
"314",710,"CHN","Jiang Zemin",75,0,1,0,1,0,4,7,"regime",7,0,NA,"1","dictatorship",1,"shock_t","1"
"32",710,"CHN","Hu Jintao",76,0,1,0,1,0,10,10,"regime",2,1,NA,"1","dictatorship",0,"s_all","0"
"331",710,"CHN","Xi Jinping",77,0,1,0,1,0,4,4,"regime",4,0,NA,"1","dictatorship",0,"s_all","0"
"341",100,"COL","Arango",79,0,1,0,4,0,5,5,"noauthority",5,0,NA,"0","noauthority",0,"i_t_s","0"
"351",100,"COL","Alvaro Uribe Velez",80,0,1,0,4,0,1,9,"noauthority",2,1,NA,"0","noauthority",0,"i_t_s","0"
"361",816,"DRV","Do Muoi",119,0,1,0,1,4,1,7,"regime",5,1,NA,"1","dictatorship",0,"s_t_i","1"
"371",816,"DRV","Phieu",120,0,1,0,1,0,5,5,"regime",5,0,NA,"1","dictatorship",0,"s_all","0"
"38",816,"DRV","Nong Duc Manh",121,0,1,0,1,0,11,11,"regime",6,1,NA,"1","dictatorship",0,"s_all","0"
"391",816,"DRV","Phu Trong",122,0,-888,-888,1,0,5,5,"regime",2,1,NA,"1","dictatorship",0,"s_all","0"
"401",130,"ECU","Gustavo Noboa*",129,1,1,0,1,0,1,4,"regime",4,1,NA,"1","dictatorship",0,"s_t_i","1"
"421",651,"EGY","Tantawi",134,0,1,0,1,0,1,2,"regime",2,0,NA,"1","dictatorship",0,"s_t_i","1"
"431",651,"EGY","Morsi",135,0,3,2,1,0,1,1,"regime",1,0,NA,"1","dictatorship",0,"s_t_i","1"
"441",651,"EGY","Mansour",136,1,1,0,1,0,2,2,"opposition",2,0,NA,"0","dictatorship",0,"ins_all","0"
"451",651,"EGY","al-Sisi",137,0,-888,-888,1,0,2,2,"opposition",2,0,NA,"0","dictatorship",0,"ins_all","0"
"461",372,"GRG","Shevardnadze",146,0,3,2,1,3,12,12,"opposition",12,0,NA,"0","dictatorship",1,"shock_t","1"
"471",372,"GRG","Burdjanadze",147,0,1,0,1,0,2,2,"unaffiliated",2,0,NA,"0","dictatorship",0,"ins_all","0"
"481",850,"INS","Suharto",181,1,1,0,1,24,28,28,"independent",28,0,NA,"0","dictatorship",0,"ins_all","0"
"491",850,"INS","Habibie",182,0,1,0,1,0,2,2,"unaffiliated",2,0,NA,"0","dictatorship",0,"ins_all","0"
"501",663,"JOR","Hussein Ibn Talal El-Hashim",192,0,2,0,1,24,NA,29,"regime",25,1,NA,"1","dictatorship",0,"s_t_i","1"
"511",663,"JOR","Abdullah Ibn Hussein El-Hashimi",193,0,-888,-888,1,0,13,17,"regime",1,1,NA,"1","dictatorship",0,"shock_t","1"
"521",705,"KZK","Nazarbaev",194,0,-888,-888,1,5,15,26,"regime",21,1,NA,"1","dictatorship",1,"shock_t","1"
"531",690,"KUW","Jabir As-Sabah",195,0,4,9,1,4,16,16,"regime",7,1,NA,"1","dictatorship",0,"ins_all","0"
"541",690,"KUW","Sheikh Saad Al Abdullah Al Salim Al Sabah",196,0,1,0,1,0,1,1,"opposition",1,0,NA,"0","dictatorship",0,"i_t_s","0"
"55",690,"KUW","Sheikh Sabah Al Ahmad Al Jabir Al Sabah",196,0,-888,-888,1,0,10,10,"opposition",1,1,NA,"0","dictatorship",0,"i_t_s","0"
"561",660,"LEB","Elias Hrawi",209,0,1,0,4,6,10,10,"noauthority",7,1,NA,"0","noauthority",0,"ins_all","0"
"571",820,"MAL","Mahatir Bin Mohammad",232,0,1,0,1,14,15,23,"regime",23,0,NA,"1","dictatorship",0,"s_t_i","1"
"591",820,"MAL","Najib Tun Razak",234,0,-888,-888,1,0,1,7,"regime",3,1,NA,"1","dictatorship",0,"s_t_i","1"
"601",70,"MEX","Zedillo",235,0,1,0,1,1,1,7,"regime",2,1,NA,"1","dictatorship",0,"s_t_i","1"
"611",712,"MON","Ochirbat",249,0,1,0,2,5,8,8,"revolt",8,0,NA,"0","dictatorship",0,"ins_all","0"
"621",600,"MOR","Hassan II",253,0,2,0,1,24,25,29,"regime",27,1,NA,"1","dictatorship",0,"s_t_i","1"
"631",600,"MOR","Muhammad VI",254,0,-888,-888,1,0,14,17,"regime",5,1,NA,"1","dictatorship",0,"shock_t","1"
"641",565,"NAM","Nujoma",255,0,1,0,1,5,14,16,"regime",16,1,NA,"1","dictatorship",0,"shock_t","1"
"651",565,"NAM","Pohamba",256,0,1,0,1,0,11,11,"regime",11,0,NA,"1","dictatorship",0,"s_all","0"
"661",565,"NAM","Hage Geingob",257,0,-888,-888,1,0,1,1,"regime",1,0,NA,"1","dictatorship",0,"s_all","0"
"671",790,"NEP","Sher Bahdur Deuba",265,0,1,0,4,0,2,2,"noauthority",2,0,NA,"0","noauthority",1,"ins_all","0"
"681",790,"NEP","Lokendra Bahadur Chand",266,0,1,0,4,0,2,2,"noauthority",2,0,NA,"0","noauthority",0,"ins_all","0"
"691",790,"NEP","Surya Bahadur Thapa",267,0,1,0,4,0,2,2,"noauthority",2,0,NA,"0","noauthority",0,"ins_all","0"
"701",790,"NEP","Sher Bahdur Deuba",268,0,1,0,4,0,2,2,"noauthority",2,0,NA,"0","noauthority",0,"ins_all","0"
"711",790,"NEP","Gyanendra",269,0,3,2,4,0,2,2,"noauthority",2,0,NA,"0","noauthority",0,"ins_all","0"
"731",150,"PAR","Wasmosy Monti",288,0,1,0,1,2,NA,6,"regime",6,0,NA,"1","dictatorship",0,"s_t_i","1"
"741",150,"PAR","Cubas Grau",289,0,1,0,2,0,1,2,"regime",2,0,NA,"1","dictatorship",0,"s_t_i","1"
"751",150,"PAR","Gonzalez Macchi",290,0,1,0,3,0,5,5,"regime",5,0,NA,"1","dictatorship",1,"shock_t","1"
"761",150,"PAR","Nicanor Duarte Frutos",292,0,1,0,1,0,1,6,"regime",2,1,NA,"1","dictatorship",0,"s_t_i","1"
"771",135,"PER","Fujimori",296,0,1,0,1,5,11,11,"opposition",11,0,NA,"0","dictatorship",0,"ins_all","0"
"781",135,"PER","Valentin Paniagua",297,0,1,0,1,0,2,2,"unaffiliated",2,0,NA,"0","dictatorship",0,"ins_all","0"
"791",694,"QAT","Khalifah Ath-Thani",316,1,3,8,1,23,24,24,"independent",24,0,NA,"0","dictatorship",0,"ins_all","0"
"801",694,"QAT","Hamad ibn Khalifah Al Thani",317,1,1,0,1,0,14,19,"opposition",8,1,NA,"0","dictatorship",0,"ins_all","0"
"81",365,"RUS","Putin",333,0,-888,-888,3,0,1,16,"regime",11,1,NA,"1","dictatorship",1,"s_t_i","1"
"82",365,"RUS","Putin",333,0,-888,-888,3,14,15,16,"regime",16,0,NA,"1","dictatorship",1,"shock_t","1"
"831",670,"SAU","Fahd",334,0,2.1,0,1,13,14,15,"regime",15,0,NA,"1","dictatorship",0,"s_t_i","1"
"841",670,"SAU","Abdullah",335,0,2,0,1,0,1,20,"regime",7,1,NA,"1","dictatorship",1,"s_t_i","1"
"851",670,"SAU","Abdullah",335,0,2,0,1,13,20,20,"regime",20,0,NA,"1","dictatorship",1,"shock_t","1"
"861",670,"SAU","Salman bin Abdulaziz Al Saud",336,0,-888,-888,1,0,1,1,"regime",1,0,NA,"1","dictatorship",0,"s_t_i","1"
"871",572,"SWA","Mswati",365,0,-888,-888,0,9,NA,30,"regime",20,1,NA,"1","dictatorship",0,"s_t_i","1"
"881",652,"SYR","Al-Assad H.",366,0,2,0,1,25,30,31,"military",28,1,NA,"0","dictatorship",0,"ins_all","0"
"891",652,"SYR","Bashar al-Assad",367,0,-888,-888,1,0,16,16,"military",16,0,NA,"0","dictatorship",1,"shock_t","1"
"901",616,"TUN","Zine Al-Abidine Ben Ali",385,1,3,2,1,8,13,25,"coup",25,0,NA,"0","dictatorship",1,"shock_t","1"
"921",616,"TUN","Ghannouchi",386,0,1,2,2,0,1,1,"opposition",1,0,NA,"0","dictatorship",1,"ins_all","0"
"931",696,"UAE","An-Nahayan",402,0,2,0,1,24,34,34,"independent",32,1,NA,"0","dictatorship",0,"ins_all","0"
