"","X","ccname","year","ccode","idacr","leader","entry","exit","exitcode","v2x_libdem","v2x_libdem_codehigh","v2x_libdem_codelow","regime.spell","DEMDUR","DEXDUR","AUTODUR","AUTOGROUP","TENURE","SignPTA","NegPTA","DICT","poleff","opposition","eiec","reelection","allhouse"
"221",221,"Brazil",2000,140,"BRA","Cardoso",0,1,0,0.75," 0.82 "," 0.70 ","democracy",16,6,0,0,6,0,0,0,0,0,7,NA,0
"224",224,"Brazil",2003,140,"BRA","Cardoso",0,1,0,0.76," 0.81 "," 0.71 ","democracy",19,9,0,0,9,0,0,0,0,0,7,NA,0
"225",225,"Brazil",2003,140,"BRA","Lula da Silva",0,1,0,0.76," 0.81 "," 0.71 ","democracy",20,1,0,0,1,0,0,0,0,0,7,NA,0
"226",226,"Brazil",2004,140,"BRA","Lula da Silva",0,1,0,0.76," 0.81 "," 0.71 ","democracy",21,2,0,0,2,0,1,0,0,0,7,NA,0
"227",227,"Brazil",2005,140,"BRA","Lula da Silva",0,1,0,0.77," 0.81 "," 0.72 ","democracy",22,3,0,0,3,0,0,0,0,0,7,NA,0
"228",228,"Brazil",2006,140,"BRA","Lula da Silva",0,1,0,0.77," 0.82 "," 0.72 ","democracy",23,4,0,0,4,0,1,0,0,0,7,1,0
"229",229,"Brazil",2007,140,"BRA","Lula da Silva",0,1,0,0.76," 0.81 "," 0.71 ","democracy",24,5,0,0,5,1,0,0,0,0,7,NA,0
"230",230,"Brazil",2008,140,"BRA","Lula da Silva",0,1,0,0.76," 0.80 "," 0.71 ","democracy",25,6,0,0,6,0,0,0,0,0,7,NA,0
"231",231,"Brazil",2009,140,"BRA","Lula da Silva",0,1,0,0.76," 0.80 "," 0.71 ","democracy",26,7,0,0,7,0,0,0,0,0,7,NA,0
"232",232,"Brazil",2010,140,"BRA","Lula da Silva",0,1,0,0.77," 0.81 "," 0.72 ","democracy",27,8,0,0,8,0,0,0,0,0,7,NA,0
"233",233,"Brazil",2011,140,"BRA","Lula da Silva",0,1,0,0.79," 0.84 "," 0.74 ","democracy",28,9,0,0,9,0,0,0,0,0,7,NA,0
"234",234,"Brazil",2011,140,"BRA","Rousseff",0,-888,0,0.79," 0.84 "," 0.74 ","democracy",29,1,0,0,1,0,0,0,0,0,7,NA,0
"235",235,"Brazil",2012,140,"BRA","Rousseff",0,-888,0,0.78," 0.83 "," 0.74 ","democracy",30,2,0,0,2,0,0,0,0,0,7,NA,0
"236",236,"Brazil",2013,140,"BRA","Rousseff",0,-888,0,0.78," 0.83 "," 0.74 ","democracy",31,3,0,0,3,0,0,0,0,0,7,NA,0
"237",237,"Brazil",2014,140,"BRA","Rousseff",0,-888,0,0.76," 0.82 "," 0.72 ","democracy",32,4,0,0,4,0,0,0,0,0,7,1,0
"238",238,"Brazil",2015,140,"BRA","Rousseff",0,-888,0,0.76," 0.81 "," 0.70 ","democracy",33,5,0,0,5,0,0,0,0,0,7,NA,0
"269",269,"Chile",1995,155,"CHL","Frei Ruiz-Tagle",0,1,0,0.78," 0.83 "," 0.74 ","democracy",7,2,0,0,2,0,0,0,1,0,7,NA,0
"270",270,"Chile",1996,155,"CHL","Frei Ruiz-Tagle",0,1,0,0.78," 0.83 "," 0.73 ","democracy",8,3,0,0,3,1,1,0,1,0,7,NA,0
"271",271,"Chile",1997,155,"CHL","Frei Ruiz-Tagle",0,1,0,0.78," 0.83 "," 0.73 ","democracy",9,4,0,0,4,0,0,0,1,0,7,NA,0
"272",272,"Chile",1998,155,"CHL","Frei Ruiz-Tagle",0,1,0,0.78," 0.83 "," 0.73 ","democracy",10,5,0,0,5,0,1,0,1,0,7,NA,0
"273",273,"Chile",1999,155,"CHL","Frei Ruiz-Tagle",0,1,0,0.78," 0.82 "," 0.74 ","democracy",11,6,0,0,6,1,1,0,0,0,7,NA,0
"274",274,"Chile",2000,155,"CHL","Ricardo Lagos Escobar",0,1,0,0.79," 0.84 "," 0.74 ","democracy",13,1,0,0,1,0,1,0,0,0,7,NA,0
"275",275,"Chile",2000,155,"CHL","Frei Ruiz-Tagle",0,1,0,0.79," 0.84 "," 0.74 ","democracy",12,7,0,0,7,0,1,0,0,0,7,NA,0
"276",276,"Chile",2001,155,"CHL","Ricardo Lagos Escobar",0,1,0,0.79," 0.84 "," 0.74 ","democracy",14,2,0,0,2,0,0,0,0,0,7,NA,0
"277",277,"Chile",2002,155,"CHL","Ricardo Lagos Escobar",0,1,0,0.81," 0.86 "," 0.76 ","democracy",15,3,0,0,3,1,0,0,0,0,7,NA,1
"278",278,"Chile",2003,155,"CHL","Ricardo Lagos Escobar",0,1,0,0.81," 0.86 "," 0.76 ","democracy",16,4,0,0,4,1,1,0,0,0,7,NA,1
"279",279,"Chile",2004,155,"CHL","Ricardo Lagos Escobar",0,1,0,0.81," 0.87 "," 0.78 ","democracy",17,5,0,0,5,0,0,0,0,0,7,NA,1
"280",280,"Chile",2005,155,"CHL","Ricardo Lagos Escobar",0,1,0,0.8," 0.85 "," 0.77 ","democracy",18,6,0,0,6,0,1,0,0,0,7,NA,1
"281",281,"Chile",2006,155,"CHL","Ricardo Lagos Escobar",0,1,0,0.81," 0.85 "," 0.77 ","democracy",19,7,0,0,7,0,0,0,0,0,7,NA,1
"282",282,"Chile",2006,155,"CHL","Michelle Bachelet",0,1,0,0.81," 0.85 "," 0.77 ","democracy",20,1,0,0,1,0,0,0,0,0,7,NA,1
"283",283,"Chile",2007,155,"CHL","Michelle Bachelet",0,1,0,0.81," 0.84 "," 0.76 ","democracy",21,2,0,0,2,1,1,0,0,0,7,NA,1
"284",284,"Chile",2008,155,"CHL","Michelle Bachelet",0,1,0,0.81," 0.85 "," 0.77 ","democracy",22,3,0,0,3,1,0,0,0,0,7,NA,1
"285",285,"Chile",2009,155,"CHL","Michelle Bachelet",0,1,0,0.81," 0.85 "," 0.77 ","democracy",23,4,0,0,4,0,0,0,0,0,7,NA,1
"286",286,"Chile",2010,155,"CHL","Michelle Bachelet",0,1,0,0.81," 0.87 "," 0.78 ","democracy",24,5,0,0,5,0,0,0,0,0,7,NA,0
"287",287,"Chile",2010,155,"CHL","Sebastian Pi<f1>era",0,1,0,0.81," 0.87 "," 0.78 ","democracy",25,1,0,0,1,0,0,0,0,1,7,NA,0
"288",288,"Chile",2011,155,"CHL","Sebastian Pi<f1>era",0,1,0,0.82," 0.86 "," 0.78 ","democracy",26,2,0,0,2,0,0,0,0,0,7,NA,0
"289",289,"Chile",2012,155,"CHL","Sebastian Pi<f1>era",0,1,0,0.82," 0.86 "," 0.78 ","democracy",27,3,0,0,3,0,0,0,0,0,7,NA,0
"290",290,"Chile",2013,155,"CHL","Sebastian Pi<f1>era",0,1,0,0.85," 0.89 "," 0.81 ","democracy",28,4,0,0,4,0,0,0,0,0,7,NA,0
"291",291,"Chile",2014,155,"CHL","Michelle Bachelet",0,-888,-888,0.84," 0.90 "," 0.81 ","democracy",30,1,0,0,1,0,0,0,0,0,7,NA,0
"292",292,"Chile",2014,155,"CHL","Sebastian Pi<f1>era",0,1,0,0.84," 0.90 "," 0.81 ","democracy",29,5,0,0,5,0,0,0,0,0,7,NA,0
"293",293,"Chile",2015,155,"CHL","Michelle Bachelet",0,-888,-888,0.79," 0.85 "," 0.75 ","democracy",31,2,0,0,2,0,0,0,0,0,3,NA,0
"342",342,"Costa Rica",1995,94,"COS","Figueres Olsen",0,1,0,0.83," 0.88 "," 0.79 ","democracy",31,2,0,0,2,0,0,0,0,0,7,NA,0
"343",343,"Costa Rica",1996,94,"COS","Figueres Olsen",0,1,0,0.83," 0.88 "," 0.79 ","democracy",32,3,0,0,3,0,0,0,0,0,7,NA,0
"344",344,"Costa Rica",1997,94,"COS","Figueres Olsen",0,1,0,0.82," 0.87 "," 0.78 ","democracy",33,4,0,0,4,0,0,0,0,0,7,NA,0
"345",345,"Costa Rica",1998,94,"COS","Rodriguez Echeverria",0,1,0,0.84," 0.88 "," 0.81 ","democracy",35,1,0,0,1,0,0,0,0,0,7,NA,0
"346",346,"Costa Rica",1998,94,"COS","Figueres Olsen",0,1,0,0.84," 0.88 "," 0.81 ","democracy",34,5,0,0,5,0,0,0,0,0,7,NA,0
"347",347,"Costa Rica",1999,94,"COS","Rodriguez Echeverria",0,1,0,0.85," 0.89 "," 0.82 ","democracy",36,2,0,0,2,0,0,0,0,0,7,NA,0
"348",348,"Costa Rica",2000,94,"COS","Rodriguez Echeverria",0,1,0,0.85," 0.90 "," 0.82 ","democracy",37,3,0,0,3,0,1,0,0,0,7,NA,0
"349",349,"Costa Rica",2001,94,"COS","Rodriguez Echeverria",0,1,0,0.86," 0.90 "," 0.82 ","democracy",38,4,0,0,4,1,0,0,0,0,7,NA,0
"350",350,"Costa Rica",2002,94,"COS","Rodriguez Echeverria",0,1,0,0.86," 0.90 "," 0.83 ","democracy",39,5,0,0,5,0,0,0,0,0,7,NA,0
"351",351,"Costa Rica",2002,94,"COS","de la Espriella",0,1,0,0.86," 0.90 "," 0.83 ","democracy",40,1,0,0,1,0,1,0,0,0,7,NA,0
"352",352,"Costa Rica",2003,94,"COS","de la Espriella",0,1,0,0.86," 0.90 "," 0.83 ","democracy",41,2,0,0,2,0,0,0,0,0,7,NA,0
"353",353,"Costa Rica",2004,94,"COS","de la Espriella",0,1,0,0.85," 0.89 "," 0.82 ","democracy",42,3,0,0,3,0,0,0,0,0,7,NA,0
"354",354,"Costa Rica",2005,94,"COS","de la Espriella",0,1,0,0.85," 0.89 "," 0.82 ","democracy",43,4,0,0,4,0,0,0,0,0,7,NA,0
"355",355,"Costa Rica",2006,94,"COS","Arias",0,1,0,0.87," 0.90 "," 0.84 ","democracy",45,1,0,0,1,0,0,0,0,0,7,NA,0
"356",356,"Costa Rica",2006,94,"COS","de la Espriella",0,1,0,0.87," 0.90 "," 0.84 ","democracy",44,5,0,0,5,0,1,0,0,0,7,NA,0
"357",357,"Costa Rica",2007,94,"COS","Arias",0,1,0,0.87," 0.90 "," 0.83 ","democracy",46,2,0,0,2,0,0,0,0,0,7,NA,0
"358",358,"Costa Rica",2008,94,"COS","Arias",0,1,0,0.87," 0.90 "," 0.84 ","democracy",47,3,0,0,3,1,1,0,0,0,7,NA,0
"359",359,"Costa Rica",2009,94,"COS","Arias",0,1,0,0.87," 0.91 "," 0.84 ","democracy",48,4,0,0,4,0,0,0,0,0,7,NA,0
"360",360,"Costa Rica",2010,94,"COS","Arias",0,1,0,0.86," 0.91 "," 0.84 ","democracy",49,5,0,0,5,1,0,0,0,0,7,NA,0
"361",361,"Costa Rica",2010,94,"COS","Laura Chinchilla Miranda",0,1,0,0.86," 0.91 "," 0.84 ","democracy",50,1,0,0,1,0,0,0,0,0,7,NA,0
"362",362,"Costa Rica",2011,94,"COS","Laura Chinchilla Miranda",0,1,0,0.86," 0.89 "," 0.83 ","democracy",51,2,0,0,2,0,0,0,0,0,7,NA,0
"363",363,"Costa Rica",2012,94,"COS","Laura Chinchilla Miranda",0,1,0,0.87," 0.90 "," 0.84 ","democracy",52,3,0,0,3,1,1,0,0,0,7,NA,0
"364",364,"Costa Rica",2013,94,"COS","Laura Chinchilla Miranda",0,1,0,0.86," 0.90 "," 0.82 ","democracy",53,4,0,0,4,0,0,0,0,0,7,NA,0
"365",365,"Costa Rica",2014,94,"COS","Solis Rivera",0,1,0,0.85," 0.89 "," 0.82 ","democracy",55,1,0,0,1,0,0,0,0,0,7,NA,0
"366",366,"Costa Rica",2014,94,"COS","Laura Chinchilla Miranda",0,1,0,0.85," 0.89 "," 0.82 ","democracy",54,5,0,0,5,0,0,0,0,0,7,NA,0
"367",367,"Costa Rica",2015,94,"COS","Solis Rivera",0,-888,0,0.86," 0.92 "," 0.83 ","democracy",56,2,0,0,2,1,0,0,0,0,7,NA,0
"407",407,"Cyprus",2007,352,"CYP","Tassos Nikolaou Papadopoulos",0,1,0,0.76," 0.81 "," 0.71 ","democracy",27,5,0,0,5,0,0,0,0,0,7,NA,0
"411",411,"Cyprus",2010,352,"CYP","Dimitris Christofias",0,1,0,0.75," 0.81 "," 0.71 ","democracy",31,3,0,0,3,0,0,0,0,0,7,NA,0
"412",412,"Cyprus",2011,352,"CYP","Dimitris Christofias",0,1,0,0.75," 0.81 "," 0.71 ","democracy",32,4,0,0,4,0,0,0,0,0,7,NA,0
"413",413,"Cyprus",2012,352,"CYP","Dimitris Christofias",0,1,0,0.75," 0.81 "," 0.71 ","democracy",33,5,0,0,5,0,0,0,0,0,7,NA,0
"414",414,"Cyprus",2013,352,"CYP","Dimitris Christofias",0,1,0,0.75," 0.81 "," 0.70 ","democracy",34,6,0,0,6,0,0,0,0,0,7,NA,0
"415",415,"Cyprus",2013,352,"CYP","Anastasiades",0,-888,-888,0.75," 0.81 "," 0.70 ","democracy",35,1,0,0,1,0,0,0,0,0,7,NA,0
"418",418,"Czech Republic",1995,316,"CZR","Klaus",0,1,0,0.82," 0.86 "," 0.78 ","democracy",3,3,0,0,3,0,0,0,1,1,7,NA,0
"419",419,"Czech Republic",1996,316,"CZR","Klaus",0,1,0,0.83," 0.87 "," 0.78 ","democracy",4,4,0,0,4,1,1,0,1,NA,7,NA,0
"420",420,"Czech Republic",1997,316,"CZR","Klaus",0,1,0,0.83," 0.89 "," 0.79 ","democracy",5,5,0,0,5,0,0,0,1,NA,7,NA,0
"421",421,"Czech Republic",1997,316,"CZR","Tosovsky",0,1,0,0.83," 0.89 "," 0.79 ","democracy",6,1,0,0,1,0,0,0,1,1,7,NA,0
"422",422,"Czech Republic",1998,316,"CZR","Tosovsky",0,1,0,0.82," 0.87 "," 0.78 ","democracy",7,2,0,0,2,0,0,0,1,0,7,NA,0
"423",423,"Czech Republic",1998,316,"CZR","Zeman",0,1,0,0.82," 0.87 "," 0.78 ","democracy",8,1,0,0,1,0,0,0,1,0,7,NA,0
"424",424,"Czech Republic",1999,316,"CZR","Zeman",0,1,0,0.82," 0.86 "," 0.77 ","democracy",9,2,0,0,2,0,0,0,1,0,7,NA,0
"425",425,"Czech Republic",2000,316,"CZR","Zeman",0,1,0,0.81," 0.85 "," 0.76 ","democracy",10,3,0,0,3,0,0,0,1,0,7,NA,0
"426",426,"Czech Republic",2001,316,"CZR","Zeman",0,1,0,0.81," 0.85 "," 0.76 ","democracy",11,4,0,0,4,0,0,0,1,0,7,NA,0
"427",427,"Czech Republic",2002,316,"CZR","Zeman",0,1,0,0.82," 0.86 "," 0.78 ","democracy",12,1,0,0,5,0,0,0,2,0,7,NA,0
"428",428,"Czech Republic",2002,316,"CZR","Spidla",0,1,0,0.82," 0.86 "," 0.78 ","democracy",13,2,0,0,1,0,0,0,2,0,7,NA,0
"429",429,"Czech Republic",2003,316,"CZR","Spidla",0,1,0,0.82," 0.87 "," 0.79 ","democracy",14,3,0,0,2,0,0,0,0,0,7,NA,0
"430",430,"Czech Republic",2004,316,"CZR","Spidla",0,1,0,0.82," 0.87 "," 0.79 ","democracy",15,4,0,0,3,0,0,0,0,0,7,NA,0
"431",431,"Czech Republic",2004,316,"CZR","Stanislav Gross",0,1,0,0.82," 0.87 "," 0.79 ","democracy",16,1,0,0,1,0,0,0,0,0,7,NA,0
"432",432,"Czech Republic",2005,316,"CZR","Paroubek",0,1,0,0.83," 0.87 "," 0.79 ","democracy",18,1,0,0,1,0,0,0,0,0,7,NA,0
"433",433,"Czech Republic",2005,316,"CZR","Stanislav Gross",0,1,0,0.83," 0.87 "," 0.79 ","democracy",17,2,0,0,2,0,0,0,0,0,7,NA,0
"434",434,"Czech Republic",2006,316,"CZR","Paroubek",0,1,0,0.83," 0.88 "," 0.80 ","democracy",19,2,0,0,2,0,0,0,0,0,7,NA,0
"435",435,"Czech Republic",2006,316,"CZR","Topolanek",0,1,0,0.83," 0.88 "," 0.80 ","democracy",20,1,0,0,1,0,0,0,0,0,7,NA,0
"436",436,"Czech Republic",2007,316,"CZR","Topolanek",0,1,0,0.84," 0.88 "," 0.81 ","democracy",21,2,0,0,2,0,0,0,0,0,7,NA,0
"437",437,"Czech Republic",2008,316,"CZR","Topolanek",0,1,0,0.84," 0.88 "," 0.80 ","democracy",22,3,0,0,3,0,0,0,0,0,7,NA,0
"438",438,"Czech Republic",2009,316,"CZR","Fischer",0,1,0,0.84," 0.88 "," 0.80 ","democracy",24,1,0,0,1,0,0,0,0,0,7,NA,0
"439",439,"Czech Republic",2009,316,"CZR","Topolanek",0,1,0,0.84," 0.88 "," 0.80 ","democracy",23,4,0,0,4,0,0,0,0,0,7,NA,0
"440",440,"Czech Republic",2010,316,"CZR","Fischer",0,1,0,0.82," 0.86 "," 0.77 ","democracy",25,2,0,0,2,0,0,0,0,0,7,NA,NA
"441",441,"Czech Republic",2010,316,"CZR","Necas",0,1,0,0.82," 0.86 "," 0.77 ","democracy",26,1,0,0,1,0,0,0,0,0,7,NA,NA
"442",442,"Czech Republic",2011,316,"CZR","Necas",0,1,0,0.8," 0.87 "," 0.76 ","democracy",27,2,0,0,2,0,0,0,0,0,7,NA,NA
"443",443,"Czech Republic",2012,316,"CZR","Necas",0,1,0,0.81," 0.85 "," 0.77 ","democracy",28,3,0,0,3,0,0,0,0,0,7,NA,NA
"444",444,"Czech Republic",2013,316,"CZR","Necas",0,1,0,0.79," 0.83 "," 0.74 ","democracy",29,4,0,0,4,0,0,0,0,0,7,NA,NA
"445",445,"Czech Republic",2013,316,"CZR","Rusnok",0,1,0,0.79," 0.83 "," 0.74 ","democracy",30,1,0,0,1,0,0,0,0,0,7,NA,NA
"446",446,"Czech Republic",2014,316,"CZR","Sobotka",0,-888,-888,0.78," 0.82 "," 0.74 ","democracy",31,1,0,0,1,0,0,0,0,0,7,NA,NA
"447",447,"Czech Republic",2015,316,"CZR","Sobotka",0,-888,-888,0.78," 0.82 "," 0.74 ","democracy",32,2,0,0,2,0,0,0,0,0,7,NA,NA
"551",551,"Estonia",1995,366,"EST","Tarand",0,1,0,0.83," 0.87 "," 0.78 ","democracy",8,2,0,0,2,0,1,0,1,0,7,NA,1
"552",552,"Estonia",1995,366,"EST","Vahi",0,1,0,0.83," 0.87 "," 0.78 ","democracy",9,1,0,0,1,1,0,0,1,0,7,NA,1
"553",553,"Estonia",1996,366,"EST","Vahi",0,1,0,0.85," 0.89 "," 0.81 ","democracy",10,2,0,0,2,0,0,0,1,0,7,NA,1
"554",554,"Estonia",1997,366,"EST","Vahi",0,1,0,0.85," 0.90 "," 0.81 ","democracy",11,3,0,0,3,0,0,0,1,0,7,NA,1
"555",555,"Estonia",1997,366,"EST","Siimann",0,1,0,0.85," 0.90 "," 0.81 ","democracy",12,1,0,0,1,0,0,0,1,0,7,NA,1
"556",556,"Estonia",1998,366,"EST","Siimann",0,1,0,0.85," 0.89 "," 0.81 ","democracy",13,2,0,0,2,0,0,0,1,0,7,NA,1
"557",557,"Estonia",1999,366,"EST","Laar",0,1,0,0.83," 0.88 "," 0.78 ","democracy",15,1,0,0,1,0,0,0,1,0,7,NA,1
"558",558,"Estonia",1999,366,"EST","Siimann",0,1,0,0.83," 0.88 "," 0.78 ","democracy",14,3,0,0,3,0,0,0,1,0,7,NA,1
"559",559,"Estonia",2000,366,"EST","Laar",0,1,0,0.82," 0.88 "," 0.77 ","democracy",16,2,0,0,2,0,0,0,1,0,7,NA,1
"560",560,"Estonia",2001,366,"EST","Laar",0,1,0,0.82," 0.88 "," 0.77 ","democracy",17,3,0,0,3,0,0,0,1,0,7,NA,1
"561",561,"Estonia",2002,366,"EST","Laar",0,1,0,0.82," 0.87 "," 0.78 ","democracy",18,4,0,0,4,0,0,0,1,0,7,NA,0
"562",562,"Estonia",2002,366,"EST","Kallas",0,1,0,0.82," 0.87 "," 0.78 ","democracy",19,1,0,0,1,0,0,0,1,0,7,NA,0
"563",563,"Estonia",2003,366,"EST","Parts",0,1,0,0.83," 0.88 "," 0.79 ","democracy",21,1,0,0,1,0,0,0,1,0,7,NA,0
"564",564,"Estonia",2003,366,"EST","Kallas",0,1,0,0.83," 0.88 "," 0.79 ","democracy",20,2,0,0,2,0,0,0,1,0,7,NA,0
"565",565,"Estonia",2004,366,"EST","Parts",0,1,0,0.84," 0.88 "," 0.80 ","democracy",22,2,0,0,2,0,0,0,1,0,7,NA,0
"566",566,"Estonia",2005,366,"EST","Ansip",0,1,0,0.84," 0.88 "," 0.80 ","democracy",24,1,0,0,1,0,0,0,1,0,7,NA,0
"567",567,"Estonia",2005,366,"EST","Parts",0,1,0,0.84," 0.88 "," 0.80 ","democracy",23,3,0,0,3,0,0,0,1,0,7,NA,0
"568",568,"Estonia",2006,366,"EST","Ansip",0,1,0,0.84," 0.88 "," 0.80 ","democracy",25,2,0,0,2,0,0,0,1,0,7,NA,0
"569",569,"Estonia",2007,366,"EST","Ansip",0,1,0,0.82," 0.86 "," 0.76 ","democracy",26,3,0,0,3,0,0,0,1,0,7,NA,0
"570",570,"Estonia",2008,366,"EST","Ansip",0,1,0,0.83," 0.88 "," 0.77 ","democracy",27,4,0,0,4,0,0,0,1,0,7,NA,0
"571",571,"Estonia",2009,366,"EST","Ansip",0,1,0,0.82," 0.88 "," 0.77 ","democracy",28,5,0,0,5,0,0,0,1,0,7,1,0
"572",572,"Estonia",2010,366,"EST","Ansip",0,1,0,0.83," 0.89 "," 0.79 ","democracy",29,6,0,0,6,0,0,0,0,0,7,NA,0
"573",573,"Estonia",2011,366,"EST","Ansip",0,1,0,0.84," 0.87 "," 0.80 ","democracy",30,7,0,0,7,0,0,0,0,0,7,NA,0
"574",574,"Estonia",2012,366,"EST","Ansip",0,1,0,0.85," 0.89 "," 0.81 ","democracy",31,8,0,0,8,0,0,0,0,0,7,NA,0
"575",575,"Estonia",2013,366,"EST","Ansip",0,1,0,0.84," 0.89 "," 0.81 ","democracy",32,9,0,0,9,0,0,0,0,0,7,NA,0
"576",576,"Estonia",2014,366,"EST","Ansip",0,1,0,0.85," 0.88 "," 0.81 ","democracy",33,10,0,0,10,0,0,0,0,0,7,NA,0
"577",577,"Estonia",2014,366,"EST","Roivas",0,-888,-888,0.85," 0.88 "," 0.81 ","democracy",34,1,0,0,1,0,0,0,0,0,7,NA,0
"578",578,"Estonia",2015,366,"EST","Roivas",0,-888,-888,0.85," 0.91 "," 0.82 ","democracy",35,2,0,0,2,0,0,0,0,0,7,NA,0
"866",866,"Latvia",2004,367,"LAT","Aigars Kalvitis",0,1,0,0.75," 0.79 "," 0.69 ","democracy",25,1,0,0,1,0,0,0,0,0,7,NA,0
"867",867,"Latvia",2004,367,"LAT","Repse",0,1,0,0.75," 0.79 "," 0.69 ","democracy",23,3,0,0,3,0,0,0,0,0,7,NA,0
"868",868,"Latvia",2004,367,"LAT","Indulis Emsis",0,1,0,0.75," 0.79 "," 0.69 ","democracy",24,1,0,0,1,0,0,0,0,0,7,NA,0
"869",869,"Latvia",2005,367,"LAT","Aigars Kalvitis",0,1,0,0.75," 0.81 "," 0.70 ","democracy",26,2,0,0,2,0,0,0,0,0,7,NA,0
"877",877,"Latvia",2011,367,"LAT","Dombrovskis",0,1,0,0.76," 0.83 "," 0.71 ","democracy",34,3,0,0,3,0,0,0,0,0,7,NA,0
"878",878,"Latvia",2012,367,"LAT","Dombrovskis",0,1,0,0.78," 0.83 "," 0.74 ","democracy",35,4,0,0,4,0,0,0,0,0,7,NA,0
"879",879,"Latvia",2013,367,"LAT","Dombrovskis",0,1,0,0.77," 0.82 "," 0.73 ","democracy",36,5,0,0,5,0,0,0,0,0,7,NA,0
"880",880,"Latvia",2014,367,"LAT","Lamdota Straujuma",0,-888,-888,0.77," 0.82 "," 0.72 ","democracy",38,1,0,0,1,0,0,0,0,0,7,NA,0
"881",881,"Latvia",2014,367,"LAT","Dombrovskis",0,1,0,0.77," 0.82 "," 0.72 ","democracy",37,6,0,0,6,0,0,0,0,0,7,NA,0
"931",931,"Lithuania",1995,368,"LIT","Brazauskas",0,1,0,0.77," 0.83 "," 0.73 ","democracy",7,4,0,0,4,1,0,0,1,0,7,NA,1
"932",932,"Lithuania",1996,368,"LIT","Brazauskas",0,1,0,0.78," 0.82 "," 0.73 ","democracy",8,5,0,0,5,0,0,0,1,0,7,NA,1
"933",933,"Lithuania",1997,368,"LIT","Brazauskas",0,1,0,0.77," 0.82 "," 0.72 ","democracy",9,6,0,0,6,0,0,0,1,0,7,NA,1
"934",934,"Lithuania",1998,368,"LIT","Adamkus",0,1,0,0.77," 0.82 "," 0.73 ","democracy",11,1,0,0,1,0,0,0,1,0,7,NA,0
"935",935,"Lithuania",1998,368,"LIT","Brazauskas",0,1,0,0.77," 0.82 "," 0.73 ","democracy",10,7,0,0,7,0,0,0,1,0,7,NA,0
"936",936,"Lithuania",1999,368,"LIT","Adamkus",0,1,0,0.78," 0.84 "," 0.73 ","democracy",12,2,0,0,2,0,0,0,1,0,7,NA,0
"937",937,"Lithuania",2000,368,"LIT","Adamkus",0,1,0,0.77," 0.83 "," 0.73 ","democracy",13,3,0,0,3,0,0,0,1,0,7,NA,0
"938",938,"Lithuania",2001,368,"LIT","Adamkus",0,1,0,0.76," 0.81 "," 0.70 ","democracy",14,4,0,0,4,0,0,0,1,0,7,NA,0
"939",939,"Lithuania",2002,368,"LIT","Adamkus",0,1,0,0.77," 0.83 "," 0.72 ","democracy",15,5,0,0,5,0,0,0,0,0,7,NA,0
"940",940,"Lithuania",2003,368,"LIT","Adamkus",0,1,0,0.79," 0.86 "," 0.74 ","democracy",16,6,0,0,6,0,0,0,0,0,7,NA,0
"941",941,"Lithuania",2003,368,"LIT","Paksas",0,1,0,0.79," 0.86 "," 0.74 ","democracy",17,1,0,0,1,0,0,0,0,0,7,NA,0
"942",942,"Lithuania",2004,368,"LIT","Adamkus",0,1,0,0.78," 0.84 "," 0.73 ","democracy",20,1,0,0,1,0,0,0,1,0,7,NA,0
"943",943,"Lithuania",2004,368,"LIT","Paksas",0,1,0,0.78," 0.84 "," 0.73 ","democracy",18,2,0,0,2,0,0,0,1,0,7,NA,0
"944",944,"Lithuania",2004,368,"LIT","Paulauskas",0,1,0,0.78," 0.84 "," 0.73 ","democracy",19,1,0,0,1,0,0,0,1,0,7,NA,0
"945",945,"Lithuania",2005,368,"LIT","Adamkus",0,1,0,0.78," 0.83 "," 0.73 ","democracy",21,2,0,0,2,0,0,0,1,0,7,NA,0
"946",946,"Lithuania",2006,368,"LIT","Adamkus",0,1,0,0.76," 0.82 "," 0.70 ","democracy",22,3,0,0,3,0,0,0,1,0,7,NA,0
"947",947,"Lithuania",2007,368,"LIT","Adamkus",0,1,0,0.76," 0.83 "," 0.71 ","democracy",23,4,0,0,4,0,0,0,1,0,7,NA,0
"948",948,"Lithuania",2008,368,"LIT","Adamkus",0,1,0,0.77," 0.84 "," 0.72 ","democracy",24,5,0,0,5,0,0,0,1,0,7,NA,0
"949",949,"Lithuania",2009,368,"LIT","Adamkus",0,1,0,0.79," 0.86 "," 0.75 ","democracy",25,6,0,0,6,0,0,0,1,0,7,NA,0
"950",950,"Lithuania",2009,368,"LIT","Grybauskaite",0,-888,-888,0.79," 0.86 "," 0.75 ","democracy",26,1,0,0,1,0,0,0,1,0,7,NA,0
"951",951,"Lithuania",2010,368,"LIT","Grybauskaite",0,-888,-888,0.8," 0.85 "," 0.74 ","democracy",27,2,0,0,2,0,0,0,1,0,7,NA,0
"952",952,"Lithuania",2011,368,"LIT","Grybauskaite",0,-888,-888,0.8," 0.85 "," 0.74 ","democracy",28,3,0,0,3,0,0,0,1,0,7,NA,0
"953",953,"Lithuania",2012,368,"LIT","Grybauskaite",0,-888,-888,0.8," 0.85 "," 0.74 ","democracy",29,4,0,0,4,0,0,0,1,0,7,NA,0
"954",954,"Lithuania",2013,368,"LIT","Grybauskaite",0,-888,-888,0.75," 0.82 "," 0.70 ","democracy",30,5,0,0,5,0,0,0,1,0,7,NA,0
"955",955,"Lithuania",2014,368,"LIT","Grybauskaite",0,-888,-888,0.77," 0.83 "," 0.73 ","democracy",31,6,0,0,6,0,0,0,1,0,7,NA,0
"956",956,"Lithuania",2015,368,"LIT","Grybauskaite",0,-888,-888,0.76," 0.82 "," 0.71 ","democracy",32,7,0,0,7,0,0,0,1,0,7,NA,0
"1316",1316,"Poland",1995,290,"POL","Walesa",0,1,0,0.8," 0.86 "," 0.75 ","democracy",4,4,0,0,6,0,0,0,1,0,7,NA,0
"1317",1317,"Poland",1995,290,"POL","Kwasniewski",0,1,0,0.8," 0.86 "," 0.75 ","democracy",5,1,0,0,1,0,0,0,1,0,7,NA,1
"1318",1318,"Poland",1996,290,"POL","Kwasniewski",0,1,0,0.79," 0.85 "," 0.74 ","democracy",6,2,0,0,2,0,0,0,1,0,7,NA,1
"1319",1319,"Poland",1997,290,"POL","Kwasniewski",0,1,0,0.8," 0.85 "," 0.75 ","democracy",7,3,0,0,3,1,0,0,1,0,7,NA,1
"1320",1320,"Poland",1998,290,"POL","Kwasniewski",0,1,0,0.8," 0.85 "," 0.75 ","democracy",8,4,0,0,4,0,0,0,1,1,7,NA,1
"1321",1321,"Poland",1999,290,"POL","Kwasniewski",0,1,0,0.81," 0.86 "," 0.78 ","democracy",9,5,0,0,5,0,0,0,1,1,7,1,1
"1322",1322,"Poland",2000,290,"POL","Kwasniewski",0,1,0,0.81," 0.86 "," 0.77 ","democracy",10,6,0,0,6,0,0,0,1,1,7,NA,1
"1323",1323,"Poland",2001,290,"POL","Kwasniewski",0,1,0,0.8," 0.86 "," 0.77 ","democracy",11,7,0,0,7,0,0,0,0,1,7,NA,1
"1324",1324,"Poland",2002,290,"POL","Kwasniewski",0,1,0,0.81," 0.87 "," 0.77 ","democracy",12,8,0,0,8,0,0,0,0,0,7,NA,0
"1325",1325,"Poland",2003,290,"POL","Kwasniewski",0,1,0,0.81," 0.87 "," 0.77 ","democracy",13,9,0,0,9,0,0,0,0,0,7,NA,0
"1326",1326,"Poland",2004,290,"POL","Kwasniewski",0,1,0,0.81," 0.87 "," 0.77 ","democracy",14,10,0,0,10,0,0,0,0,0,7,NA,0
"1327",1327,"Poland",2005,290,"POL","Kaczynski",0,1,0,0.81," 0.87 "," 0.77 ","democracy",16,1,0,0,1,0,0,0,0,0,7,NA,0
"1328",1328,"Poland",2005,290,"POL","Kwasniewski",0,1,0,0.81," 0.87 "," 0.77 ","democracy",15,11,0,0,11,0,0,0,0,0,7,NA,0
"1329",1329,"Poland",2006,290,"POL","Kaczynski",0,1,0,0.79," 0.85 "," 0.74 ","democracy",17,2,0,0,2,0,0,0,0,0,7,NA,0
"1330",1330,"Poland",2007,290,"POL","Kaczynski",0,1,0,0.79," 0.84 "," 0.74 ","democracy",18,3,0,0,3,0,0,0,0,0,7,NA,0
"1331",1331,"Poland",2008,290,"POL","Kaczynski",0,1,0,0.82," 0.88 "," 0.79 ","democracy",19,4,0,0,4,0,0,0,0,0,7,NA,0
"1332",1332,"Poland",2009,290,"POL","Kaczynski",0,1,0,0.82," 0.87 "," 0.78 ","democracy",20,5,0,0,5,0,0,0,0,0,7,NA,0
"1333",1333,"Poland",2010,290,"POL","Kaczynski",0,1,0,0.82," 0.88 "," 0.78 ","democracy",21,6,0,0,6,0,0,0,0,0,7,NA,0
"1334",1334,"Poland",2010,290,"POL","Komorowski",0,2,0,0.82," 0.88 "," 0.78 ","democracy",22,1,0,0,1,0,0,0,0,0,7,NA,0
"1335",1335,"Poland",2010,290,"POL","Schetyna",0,1,0,0.82," 0.88 "," 0.78 ","democracy",24,1,0,0,1,0,0,0,0,0,7,NA,0
"1336",1336,"Poland",2010,290,"POL","Komorowski",0,-888,-888,0.82," 0.88 "," 0.78 ","democracy",25,1,0,0,1,0,0,0,0,0,7,NA,0
"1337",1337,"Poland",2010,290,"POL","Borusewicz",0,1,0,0.82," 0.88 "," 0.78 ","democracy",23,1,0,0,1,0,0,0,0,0,7,NA,0
"1338",1338,"Poland",2011,290,"POL","Komorowski",0,-888,-888,0.82," 0.86 "," 0.78 ","democracy",26,1,0,0,2,0,0,0,0,0,7,NA,0
"1339",1339,"Poland",2012,290,"POL","Komorowski",0,-888,-888,0.84," 0.90 "," 0.80 ","democracy",27,1,0,0,3,0,0,0,0,0,7,NA,0
"1340",1340,"Poland",2013,290,"POL","Komorowski",0,-888,-888,0.8," 0.84 "," 0.76 ","democracy",28,1,0,0,4,0,0,0,0,0,7,NA,0
"1341",1341,"Poland",2014,290,"POL","Komorowski",0,-888,-888,0.8," 0.85 "," 0.76 ","democracy",29,1,0,0,5,0,0,0,0,0,7,NA,0
"1342",1342,"Poland",2015,290,"POL","Komorowski",0,-888,-888,0.79," 0.84 "," 0.75 ","democracy",30,1,0,0,6,0,0,0,0,0,7,NA,0
"1343",1343,"Portugal",1995,235,"POR","Soares",0,1,0,0.81," 0.86 "," 0.77 ","democracy",20,1,0,0,10,0,0,0,0,0,7,NA,0
"1344",1344,"Portugal",1996,235,"POR","Soares",0,1,0,0.82," 0.88 "," 0.78 ","democracy",21,1,0,0,11,0,0,0,0,0,7,NA,0
"1345",1345,"Portugal",1996,235,"POR","Sampaio",0,1,0,0.82," 0.88 "," 0.78 ","democracy",22,1,0,0,1,0,0,0,0,0,7,NA,0
"1346",1346,"Portugal",1997,235,"POR","Sampaio",0,1,0,0.82," 0.88 "," 0.78 ","democracy",23,1,0,0,2,0,0,0,0,0,7,NA,0
"1347",1347,"Portugal",1998,235,"POR","Sampaio",0,1,0,0.82," 0.88 "," 0.78 ","democracy",24,1,0,0,3,0,0,0,0,0,7,NA,0
"1348",1348,"Portugal",1999,235,"POR","Sampaio",0,1,0,0.82," 0.88 "," 0.78 ","democracy",25,1,0,0,4,0,0,0,0,0,7,NA,0
"1349",1349,"Portugal",2000,235,"POR","Sampaio",0,1,0,0.81," 0.87 "," 0.77 ","democracy",26,1,0,0,5,0,0,0,0,0,7,NA,0
"1350",1350,"Portugal",2001,235,"POR","Sampaio",0,1,0,0.82," 0.87 "," 0.78 ","democracy",27,1,0,0,6,0,0,0,0,0,7,NA,0
"1351",1351,"Portugal",2002,235,"POR","Sampaio",0,1,0,0.81," 0.86 "," 0.77 ","democracy",28,1,0,0,7,0,0,0,0,0,7,1,0
"1352",1352,"Portugal",2003,235,"POR","Sampaio",0,1,0,0.81," 0.85 "," 0.76 ","democracy",29,1,0,0,8,0,0,0,0,0,7,NA,0
"1353",1353,"Portugal",2004,235,"POR","Sampaio",0,1,0,0.81," 0.85 "," 0.76 ","democracy",30,1,0,0,9,0,0,0,0,0,7,NA,0
"1354",1354,"Portugal",2005,235,"POR","Sampaio",0,1,0,0.82," 0.86 "," 0.78 ","democracy",31,1,0,0,10,0,0,0,0,0,7,NA,0
"1355",1355,"Portugal",2006,235,"POR","Sampaio",0,1,0,0.84," 0.88 "," 0.80 ","democracy",32,1,0,0,11,0,0,0,0,0,7,NA,0
"1356",1356,"Portugal",2006,235,"POR","Cavaco Silva",0,-888,-888,0.84," 0.88 "," 0.80 ","democracy",33,1,0,0,1,0,0,0,0,0,7,NA,1
"1357",1357,"Portugal",2007,235,"POR","Cavaco Silva",0,-888,-888,0.84," 0.88 "," 0.80 ","democracy",34,1,0,0,2,0,0,0,0,0,7,NA,1
"1358",1358,"Portugal",2008,235,"POR","Cavaco Silva",0,-888,-888,0.83," 0.88 "," 0.79 ","democracy",35,1,0,0,3,0,0,0,0,0,7,NA,1
"1359",1359,"Portugal",2009,235,"POR","Cavaco Silva",0,-888,-888,0.84," 0.88 "," 0.80 ","democracy",36,1,0,0,4,0,0,0,0,0,7,1,1
"1360",1360,"Portugal",2010,235,"POR","Cavaco Silva",0,-888,-888,0.84," 0.87 "," 0.81 ","democracy",37,1,0,0,5,0,0,0,0,0,7,NA,1
"1361",1361,"Portugal",2011,235,"POR","Cavaco Silva",0,-888,-888,0.83," 0.87 "," 0.79 ","democracy",38,1,0,0,6,0,0,0,0,0,7,NA,1
"1362",1362,"Portugal",2012,235,"POR","Cavaco Silva",0,-888,-888,0.84," 0.90 "," 0.81 ","democracy",39,1,0,0,7,0,0,0,0,0,7,NA,1
"1363",1363,"Portugal",2013,235,"POR","Cavaco Silva",0,-888,-888,0.83," 0.89 "," 0.79 ","democracy",40,1,0,0,8,0,0,0,0,0,7,NA,1
"1364",1364,"Portugal",2014,235,"POR","Cavaco Silva",0,-888,-888,0.83," 0.89 "," 0.79 ","democracy",41,1,0,0,9,0,0,0,0,0,7,NA,1
"1365",1365,"Portugal",2015,235,"POR","Cavaco Silva",0,-888,-888,0.82," 0.87 "," 0.78 ","democracy",42,1,0,0,10,0,0,0,0,0,7,NA,1
"1490",1490,"Slovenia",1995,349,"SLV","Drnovsek",0,1,0,0.77," 0.84 "," 0.72 ","democracy",8,1,0,0,4,1,1,0,1,0,7,NA,0
"1491",1491,"Slovenia",1996,349,"SLV","Drnovsek",0,1,0,0.76," 0.82 "," 0.70 ","democracy",9,1,0,0,5,1,0,0,1,0,7,1,0
"1492",1492,"Slovenia",1997,349,"SLV","Drnovsek",0,1,0,0.77," 0.83 "," 0.73 ","democracy",10,1,0,0,6,0,0,0,1,0,7,NA,0
"1493",1493,"Slovenia",1998,349,"SLV","Drnovsek",0,1,0,0.76," 0.81 "," 0.71 ","democracy",11,1,0,0,7,1,1,0,1,0,7,NA,0
"1494",1494,"Slovenia",1999,349,"SLV","Drnovsek",0,1,0,0.76," 0.82 "," 0.72 ","democracy",12,1,0,0,8,0,0,0,1,0,7,NA,0
"1495",1495,"Slovenia",2000,349,"SLV","Drnovsek",0,1,0,0.76," 0.81 "," 0.71 ","democracy",13,1,0,0,9,0,0,0,1,0,7,NA,0
"1496",1496,"Slovenia",2000,349,"SLV","Bajuk",0,1,0,0.76," 0.81 "," 0.71 ","democracy",14,1,0,0,1,0,0,0,1,0,7,NA,0
"1497",1497,"Slovenia",2000,349,"SLV","Drnovsek",0,1,0,0.76," 0.81 "," 0.71 ","democracy",15,1,0,0,1,0,0,0,0,0,7,NA,0
"1499",1499,"Slovenia",2002,349,"SLV","Drnovsek",0,1,0,0.75," 0.82 "," 0.70 ","democracy",17,1,0,0,3,0,0,0,0,0,7,NA,0
"1500",1500,"Slovenia",2002,349,"SLV","Anton Rop",0,1,0,0.75," 0.82 "," 0.70 ","democracy",18,1,0,0,1,0,0,0,0,0,7,NA,0
"1501",1501,"Slovenia",2003,349,"SLV","Anton Rop",0,1,0,0.77," 0.82 "," 0.73 ","democracy",19,1,0,0,2,0,0,0,0,0,7,NA,0
"1502",1502,"Slovenia",2004,349,"SLV","Anton Rop",0,1,0,0.75," 0.80 "," 0.71 ","democracy",20,1,0,0,3,0,0,0,0,0,7,NA,0
"1503",1503,"Slovenia",2004,349,"SLV","Janez Jansa",0,1,0,0.75," 0.80 "," 0.71 ","democracy",21,1,0,0,1,0,0,0,0,0,7,NA,0
"1504",1504,"Slovenia",2005,349,"SLV","Janez Jansa",0,1,0,0.75," 0.80 "," 0.71 ","democracy",22,1,0,0,2,0,0,0,0,0,7,NA,0
"1505",1505,"Slovenia",2006,349,"SLV","Janez Jansa",0,1,0,0.75," 0.80 "," 0.69 ","democracy",23,1,0,0,3,0,0,0,0,0,7,NA,0
"1506",1506,"Slovenia",2007,349,"SLV","Janez Jansa",0,1,0,0.75," 0.81 "," 0.71 ","democracy",24,1,0,0,4,0,0,0,0,0,7,NA,0
"1507",1507,"Slovenia",2008,349,"SLV","Borut Pahor",0,1,0,0.76," 0.82 "," 0.72 ","democracy",26,1,0,0,1,0,0,0,0,0,7,NA,0
"1508",1508,"Slovenia",2008,349,"SLV","Janez Jansa",0,1,0,0.76," 0.82 "," 0.72 ","democracy",25,1,0,0,5,0,0,0,0,0,7,NA,0
"1509",1509,"Slovenia",2009,349,"SLV","Borut Pahor",0,1,0,0.79," 0.84 "," 0.74 ","democracy",27,1,0,0,2,0,0,0,0,0,7,NA,0
"1510",1510,"Slovenia",2010,349,"SLV","Borut Pahor",0,1,0,0.81," 0.86 "," 0.78 ","democracy",28,1,0,0,3,0,0,0,0,0,7,NA,0
"1511",1511,"Slovenia",2011,349,"SLV","Borut Pahor",0,1,0,0.79," 0.84 "," 0.76 ","democracy",29,1,0,0,4,0,0,0,0,0,7,NA,0
"1512",1512,"Slovenia",2012,349,"SLV","Borut Pahor",0,1,0,0.77," 0.82 "," 0.72 ","democracy",30,1,0,0,5,0,0,0,0,0,7,NA,0
"1513",1513,"Slovenia",2012,349,"SLV","Janez Jansa",0,1,0,0.77," 0.82 "," 0.72 ","democracy",31,1,0,0,1,0,0,0,0,0,7,NA,0
"1514",1514,"Slovenia",2013,349,"SLV","Janez Jansa",0,1,0,0.79," 0.85 "," 0.75 ","democracy",32,1,0,0,2,0,0,0,0,0,7,NA,0
"1515",1515,"Slovenia",2013,349,"SLV","Bratusek",0,1,0,0.79," 0.85 "," 0.75 ","democracy",33,1,0,0,1,0,0,0,0,0,7,NA,0
"1516",1516,"Slovenia",2014,349,"SLV","Bratusek",0,1,0,0.8," 0.84 "," 0.76 ","democracy",34,1,0,0,2,0,0,0,0,0,7,NA,0
"1517",1517,"Slovenia",2014,349,"SLV","Cerar",0,-888,-888,0.8," 0.84 "," 0.76 ","democracy",35,1,0,0,1,0,0,0,0,0,7,NA,0
"1518",1518,"Slovenia",2015,349,"SLV","Cerar",0,-888,-888,0.82," 0.87 "," 0.79 ","democracy",36,1,0,0,2,0,0,0,0,0,7,NA,0
"1742",1742,"Uruguay",1995,165,"URU","Lacalle de Herrera",0,1,0,0.82," 0.88 "," 0.78 ","democracy",11,1,0,0,6,0,0,0,0,0,7,NA,0
"1743",1743,"Uruguay",1995,165,"URU","Sanguinetti",0,1,0,0.82," 0.88 "," 0.78 ","democracy",12,1,0,0,1,0,0,0,0,0,7,NA,0
"1744",1744,"Uruguay",1996,165,"URU","Sanguinetti",0,1,0,0.82," 0.87 "," 0.78 ","democracy",13,1,0,0,2,0,0,0,0,0,7,NA,0
"1745",1745,"Uruguay",1997,165,"URU","Sanguinetti",0,1,0,0.82," 0.88 "," 0.78 ","democracy",14,1,0,0,3,0,0,0,0,0,7,NA,0
"1746",1746,"Uruguay",1998,165,"URU","Sanguinetti",0,1,0,0.83," 0.87 "," 0.79 ","democracy",15,1,0,0,4,0,0,0,0,0,7,NA,0
"1747",1747,"Uruguay",1999,165,"URU","Sanguinetti",0,1,0,0.83," 0.88 "," 0.79 ","democracy",16,1,0,0,5,0,0,0,0,0,7,NA,0
"1748",1748,"Uruguay",2000,165,"URU","Jorge Batlle",0,1,0,0.83," 0.87 "," 0.79 ","democracy",18,1,0,0,1,0,0,0,0,0,7,NA,0
"1749",1749,"Uruguay",2000,165,"URU","Sanguinetti",0,1,0,0.83," 0.87 "," 0.79 ","democracy",17,1,0,0,6,0,0,0,0,0,7,NA,0
"1750",1750,"Uruguay",2001,165,"URU","Jorge Batlle",0,1,0,0.83," 0.87 "," 0.79 ","democracy",19,1,0,0,2,0,0,0,0,0,7,NA,0
"1751",1751,"Uruguay",2002,165,"URU","Jorge Batlle",0,1,0,0.83," 0.87 "," 0.79 ","democracy",20,1,0,0,3,0,0,0,0,0,7,NA,0
"1752",1752,"Uruguay",2003,165,"URU","Jorge Batlle",0,1,0,0.83," 0.87 "," 0.79 ","democracy",21,1,0,0,4,0,0,0,0,0,7,NA,0
"1753",1753,"Uruguay",2004,165,"URU","Jorge Batlle",0,1,0,0.84," 0.88 "," 0.80 ","democracy",22,1,0,0,5,0,1,0,0,0,7,NA,0
"1754",1754,"Uruguay",2005,165,"URU","Jorge Batlle",0,1,0,0.85," 0.88 "," 0.80 ","democracy",23,1,0,0,6,0,0,0,0,0,7,NA,0
"1755",1755,"Uruguay",2005,165,"URU","Tabare Vazquez",0,1,0,0.85," 0.88 "," 0.80 ","democracy",24,1,0,0,1,0,0,0,0,0,7,NA,1
"1756",1756,"Uruguay",2006,165,"URU","Tabare Vazquez",0,1,0,0.85," 0.88 "," 0.81 ","democracy",25,1,0,0,2,0,1,0,0,0,7,NA,1
"1757",1757,"Uruguay",2007,165,"URU","Tabare Vazquez",0,1,0,0.85," 0.88 "," 0.81 ","democracy",26,1,0,0,3,1,0,0,0,0,7,NA,1
"1758",1758,"Uruguay",2008,165,"URU","Tabare Vazquez",0,1,0,0.85," 0.88 "," 0.80 ","democracy",27,1,0,0,4,0,0,0,0,0,7,NA,1
"1759",1759,"Uruguay",2009,165,"URU","Tabare Vazquez",0,1,0,0.85," 0.88 "," 0.81 ","democracy",28,1,0,0,5,0,0,0,0,0,7,NA,1
"1760",1760,"Uruguay",2010,165,"URU","Jose Mujica",0,1,0,0.87," 0.91 "," 0.83 ","democracy",30,1,0,0,1,0,0,0,0,0,7,NA,1
"1761",1761,"Uruguay",2010,165,"URU","Tabare Vazquez",0,1,0,0.87," 0.91 "," 0.83 ","democracy",29,1,0,0,6,0,0,0,0,0,7,NA,1
"1762",1762,"Uruguay",2011,165,"URU","Jose Mujica",0,1,0,0.87," 0.91 "," 0.83 ","democracy",31,1,0,0,2,0,0,0,0,0,7,NA,1
"1763",1763,"Uruguay",2012,165,"URU","Jose Mujica",0,1,0,0.87," 0.91 "," 0.83 ","democracy",32,1,0,0,3,0,0,0,0,0,7,NA,1
"1764",1764,"Uruguay",2013,165,"URU","Jose Mujica",0,1,0,0.81," 0.86 "," 0.79 ","democracy",33,1,0,0,4,0,0,0,0,0,7,NA,1
"1765",1765,"Uruguay",2014,165,"URU","Jose Mujica",0,1,0,0.82," 0.88 "," 0.78 ","democracy",34,1,0,0,5,0,0,0,0,0,7,NA,1
"1766",1766,"Uruguay",2015,165,"URU","Jose Mujica",0,1,0,0.79," 0.84 "," 0.76 ","democracy",35,1,0,0,6,0,0,0,0,0,7,NA,1
"1767",1767,"Uruguay",2015,165,"URU","Tabare Vasquez",0,-888,-888,0.79," 0.84 "," 0.76 ","democracy",36,1,0,0,1,0,0,0,0,0,7,NA,1
